Gene,MoleculeA,MoleculeB,Intact_Miscore
SMG6,MEOX2,SMG6,0.56
SMG6,SMG6,CASP6,0.56
SMG6,SMG6,HIP1,0.56
SMG6,SMG6,LAMP2,0.56
SMG7,UPF1,SMG7,0.53
SMG7,SMG5,SMG7,0.5
SMG7,SMG7,SMG5,0.5
SMG7,SMG7,UPF1,0.5
SMG7,UPF1,SMG7,0.5
SMG8,SMG8,SMG9,0.71
SMG8,SMG9,SMG8,0.71
SMG8,SMG1,SMG8,0.69
SMTN,SMTN,FILIP1L,0.56
SMTN,SMTN,WFS1,0.56
SMU1,IK,SMU1,0.83
SMU1,SMU1,IK,0.83
SMU1,MRFAP1L1,SMU1,0.78
SMU1,SMU1,MRFAP1L1,0.78
SMUG1,SMUG1,VAC14,0.67
SMUG1,VAC14,SMUG1,0.67
SMUG1,LMO2,SMUG1,0.6
SMUG1,NOXA1,SMUG1,0.6
SMUG1,SMUG1,LMO2,0.6
SMURF2,SMAD1,SMURF2,0.81
SMURF2,SMAD2,SMURF2,0.81
SMURF2,SMURF2,SMAD1,0.81
SMURF2,SMURF2,SMAD2,0.81
SMYD3,CSTF2T,SMYD3,0.56
SMYD3,ENKD1,SMYD3,0.56
SMYD3,MKRN3,SMYD3,0.56
SMYD3,NUP54,SMYD3,0.56
SNCAIP,SNCA,SNCAIP,0.83
SND1,MTDH,SND1,0.79
SND1,SND1,MTDH,0.79
SND1,SND1,PIWIL1,0.62
SNED1,ESR2,SNED1,0.35
SNRNP200,PRPF6,SNRNP200,0.71
SNRNP200,SNRNP200,PRPF6,0.71
SNRNP200,SNRNP200,WBP4,0.7
SNRNP35,ANKRD11,SNRNP35,0.56
SNRNP48,CDCA7L,SNRNP48,0.56
SNRNP48,ENKD1,SNRNP48,0.56
SNRNP48,SNRNP48,CDCA7L,0.56
SNRNP48,SNRNP48,ENKD1,0.56
SNRNP48,SNRNP48,SPRED1,0.56
SNRNP48,UBASH3A,SNRNP48,0.56
SNRPA,RBM3,SNRPA,0.83
SNRPA,SNRPA,RBM3,0.83
SNRPA,PTBP1,SNRPA,0.8
SNRPD2,CLNS1A,SNRPD2,0.84
SNRPD2,SNRPD2,CLNS1A,0.84
SNRPD3,CLNS1A,SNRPD3,0.83
SNRPD3,SNRPD3,CLNS1A,0.83
SNRPD3,LSM3,SNRPD3,0.74
SNRPN,CD2BP2,SNRPN,0.59
SNRPN,SNRPN,CD2BP2,0.59
SNRPN,SNRPN,HTATSF1,0.56
SNRPN,SNRPN,LSM4,0.56
SNRPN,SNRPN,PRPF3,0.56
SNTB1,ADRA1D,SNTB1,0.77
SNTB2,ADRA1D,SNTB2,0.84
SNX16,KIF6,SNX16,0.35
SNX16,VPS26B,SNX16,0.35
SNX19,PTPRN,SNX19,0.51
SNX19,SNX19,PTPRN,0.51
SNX19,ATP6V0D1,SNX19,0.35
SNX19,MYC,SNX19,0.35
SNX19,SLC15A3,SNX19,0.35
SNX19,SLC38A1,SNX19,0.35
SNX19,UNC93B1,SNX19,0.35
SNX25,ATP6V0D1,SNX25,0.35
SNX25,B4GAT1,SNX25,0.35
SNX25,TSPAN5,SNX25,0.35
SNX25,VAPB,SNX25,0.35
SNX29,AP2M1,SNX29,0.35
SNX29,TRAF1,SNX29,0.35
SNX31,LZTS2,SNX31,0.56
SNX31,NRBP1,SNX31,0.56
SNX31,SNX31,GOPC,0.56
SNX31,SNX31,LZTS2,0.56
SNX31,SNX31,NRBP1,0.56
SNX7,SNX4,SNX7,0.67
SNX7,SNX7,SNX4,0.67
SNX7,SNX7,TEX11,0.67
SNX7,TEX11,SNX7,0.67
SNX7,ABI2,SNX7,0.56
SNX8,ARL6IP1,SNX8,0.56
SNX8,C14orf119,SNX8,0.56
SOAT1,SOAT1,SOAT1,0.63
SOAT1,CANX,SOAT1,0.61
SOAT1,SOAT1,CANX,0.61
SOAT1,MKLN1,SOAT1,0.51
SOAT1,NDUFS1,SOAT1,0.51
SOCS1,ELOC,SOCS1,0.68
SOCS1,SOCS1,ELOC,0.68
SOCS1,SOCS1,SH3GL1,0.56
SOCS1,COMMD1,SOCS1,0.52
SOCS2,CUL5,SOCS2,0.84
SOCS2,SOCS2,CUL5,0.84
SOCS2,ELOC,SOCS2,0.57
SOHLH2,ELOA2,SOHLH2,0.37
SOHLH2,MAPT,SOHLH2,0.35
SORCS1,SORT1,SORCS1,0.54
SORCS1,SORT1,SORCS1,0.49
SORCS1,PILRA,SORCS1,0.4
SORCS2,SORCS2,BDNF,0.44
SORCS2,SORCS2,NGFR,0.44
SORCS2,SORCS2,NTF3,0.44
SORCS2,SORCS2,P01138-PRO_0000019599,0.44
SOS1,GRB2,SOS1,0.97
SOX10,CRX,SOX10,0.56
SOX10,LMO3,SOX10,0.56
SOX10,SOX10,C10orf55,0.56
SOX10,SOX10,CRX,0.56
SOX10,SOX10,DAZAP2,0.56
SOX11,SOX11,MTNR1A,0.37
SOX11,SOX5,SOX11,0.35
SOX17,CTNNB1,SOX17,0.5
SOX17,SOX17,CTNNB1,0.5
SOX2,SOX2,SUMO1,0.67
SOX2,SUMO1,SOX2,0.67
SOX5,CRX,SOX5,0.67
SOX5,SOX5,CRX,0.67
SOX5,SOX5,TLE5,0.66
SOX5,CBX8,SOX5,0.56
SOX5,CRX,SOX5,0.56
SP140,PIN1,SP140,0.61
SP140,SP140,PIN1,0.61
SP140,NFE2L2,SP140,0.58
SP140,ZMYND11,SP140,0.44
SP140,SP140,H1-2,0.4
SPAG17,PRKCSH,SPAG17,0.4
SPAG17,NEK4,SPAG17,0.35
SPANXN2,ccsb orf id: 13058,SPANXN2,0.56
SPANXN2,ccsb orf id: 2392,SPANXN2,0.56
SPANXN2,ccsb orf id: 7495,SPANXN2,0.56
SPANXN2,ANKRD1,SPANXN2,0.56
SPANXN2,BEND7,SPANXN2,0.56
SPANXN2,CDC14B,SPANXN2,0.56
SPANXN2,CDCA8,SPANXN2,0.56
SPANXN2,COIL,SPANXN2,0.56
SPANXN2,H2BC15,SPANXN2,0.56
SPART,EPN2,SPART,0.56
SPART,OTUB2,SPART,0.56
SPART,OTUD7B,SPART,0.56
SPART,OTULIN,SPART,0.56
SPART,PRKAR1A,SPART,0.56
SPATA18,AIMP2,SPATA18,0.56
SPATA18,CCDC102B,SPATA18,0.56
SPATA18,EFHC2,SPATA18,0.56
SPATA18,GAS8,SPATA18,0.56
SPATA18,GOLGA2,SPATA18,0.56
SPATA18,HOXA1,SPATA18,0.56
SPATA18,LRIF1,SPATA18,0.56
SPATA18,PIBF1,SPATA18,0.56
SPATA18,SPATA18,AIMP2,0.56
SPATA19,SPATA19,MFF,0.35
SPATA19,SPATA19,MTHFR,0.35
SPATA19,SPATA19,RHEB,0.35
SPATA19,SPATA19,RSPRY1,0.35
SPATA19,SPATA19,VDAC3,0.35
SPATA5L1,CINP,SPATA5L1,0.35
SPATA5L1,DKKL1,SPATA5L1,0.35
SPATA5L1,FAS,SPATA5L1,0.35
SPATA6,AP1M1,SPATA6,0.56
SPATA6,CARD9,SPATA6,0.56
SPATA6,DDX6,SPATA6,0.56
SPATA6,GEM,SPATA6,0.56
SPATC1L,FSD2,SPATC1L,0.6
SPATC1L,SPATC1L,FSD2,0.6
SPATC1L,a0a024r8l2_human,SPATC1L,0.56
SPATC1L,ACOT7,SPATC1L,0.56
SPHK1,SPHK1,SPHKAP,0.6
SPHK1,SPHKAP,SPHK1,0.6
SPHKAP,SPHK1,SPHKAP,0.6
SPHKAP,SPHKAP,SPHK1,0.6
SPHKAP,ccsb orf id: 100080275,SPHKAP,0.56
SPI1,GATA2,SPI1,0.64
SPI1,SPI1,GATA2,0.64
SPI1,PML-RAR,SPI1,0.54
SPIB,HTT,SPIB,0.56
SPOP,MYD88,SPOP,0.79
SPOP,SPOP,MYD88,0.79
SPOP,DAXX,SPOP,0.69
SPOP,SPOP,DAXX,0.69
SPRED1,PPP1CA,SPRED1,0.74
SPRED1,SPRED1,PPP1CA,0.74
SPRED1,CREB5,SPRED1,0.72
SPRTN,KPNA4,SPRTN,0.4
SPRTN,RANBP3L,SPRTN,0.4
SPRTN,SPRTN,ENTREP1,0.37
SPRTN,CCDC102B,SPRTN,0.35
SPRTN,EMC2,SPRTN,0.35
SPRTN,GSTT1,SPRTN,0.35
SPRTN,SPRTN,BCL7C,0.35
SPRTN,SPRTN,BRAP,0.35
SPRY3,AQP1,SPRY3,0.56
SPRY3,BEX2,SPRY3,0.56
SPRY3,CATSPER1,SPRY3,0.56
SPRY3,CHRD,SPRY3,0.56
SPRY3,CREB5,SPRY3,0.56
SPTA1,SPTA1,SPTB,0.72
SPTA1,SPTB,SPTA1,0.72
SPTA1,BCKDK,SPTA1,0.56
SPTA1,C21orf58,SPTA1,0.56
SPTA1,CCDC185,SPTA1,0.56
SPTAN1,DISC1,SPTAN1,0.67
SPTAN1,SPTAN1,DISC1,0.67
SPTAN1,CFTR,SPTAN1,0.61
SPTB,SPTA1,SPTB,0.72
SPTB,SPTB,SPTA1,0.72
SPTBN2,ATAD2,SPTBN2,0.4
SPTBN2,CELSR3,SPTBN2,0.37
SPTBN2,DISC1,SPTBN2,0.37
SPTBN2,PCNT,SPTBN2,0.37
SPTBN2,SPTBN2,ADRB2,0.37
SPTBN2,SPTBN2,APC,0.37
SPTBN4,DISC1,SPTBN4,0.51
SPTBN4,PTPRN,SPTBN4,0.51
SPTBN4,SPTBN4,DISC1,0.51
SPTBN4,RAD51D,SPTBN4,0.4
SPTBN4,CELSR3,SPTBN4,0.37
SPTBN4,CENPU,SPTBN4,0.37
SPTBN4,CFAP298,SPTBN4,0.37
SPTBN4,GADD45A,SPTBN4,0.37
SPTBN5,SPTBN5,SBDS,0.4
SPTBN5,BMI1,SPTBN5,0.35
SPTBN5,RYBP,SPTBN5,0.35
SPTBN5,CANX,SPTBN5,0.27
SPTBN5,FBF1,SPTBN5,0.27
SQOR,MYC,SQOR,0.53
SQSTM1,MAP1LC3B,SQSTM1,0.98
SRCAP,CCNC,SRCAP,0.56
SRCAP,GPRASP3,SRCAP,0.56
SRCAP,PTPN3,SRCAP,0.56
SRCAP,SRCAP,ANKRD11,0.56
SRCAP,SRCAP,CCNC,0.56
SRCAP,SRCAP,CEP70,0.56
SRPX,PELO,SRPX,0.65
SRPX,KCTD13,SRPX,0.4
SRPX,ALG3,SRPX,0.37
SRSF1,NXF1,SRSF1,0.76
SRSF1,SRSF1,NXF1,0.76
SRSF3,U2AF1,SRSF3,0.66
SRSF3,PRPF38A,SRSF3,0.64
SRSF3,HMGB1,SRSF3,0.61
SRSF5,SRPK2,SRSF5,0.59
SRSF5,SRSF5,SRPK2,0.59
SRSF5,SRSF5,ZRSR2,0.56
SRSF5,ZRSR2,SRSF5,0.56
SRSF5,ESR2,SRSF5,0.53
SRSF5,PRPF38A,SRSF5,0.51
SRSF9,RBMX,SRSF9,0.56
SRSF9,RNPS1,SRSF9,0.56
SRSF9,SRSF9,RNPS1,0.56
SRSF9,TRA2B,SRSF9,0.56
SRSF9,HABP4,SRSF9,0.51
SS18,SMARCB1,SS18,0.82
SS18L1,FAM168A,SS18L1,0.67
SS18L1,SF3B4,SS18L1,0.67
SS18L1,SS18L1,FAM168A,0.67
SS18L1,SS18L1,SF3B4,0.67
SS18L1,HGS,SS18L1,0.56
SSBP1,SSBP1,SSBP1,0.67
SSBP1,CFTR,SSBP1,0.61
SSX4,C14orf119,SSX4,0.56
SSX4,FLACC1,SSX4,0.56
SSX4,SSX4,C14orf119,0.56
SSX4,SSX4,FLACC1,0.56
SSX4,HIF1A,SSX4,0.55
SSX4,SSX4,HIF1A,0.55
ST3GAL6,CHRNA3,ST3GAL6,0.35
ST3GAL6,NCEH1,ST3GAL6,0.35
ST3GAL6,PON2,ST3GAL6,0.35
ST3GAL6,PTCH1,ST3GAL6,0.35
ST3GAL6,SLAMF1,ST3GAL6,0.35
ST6GAL1,BMP2K,ST6GAL1,0.37
ST6GAL1,CD81,ST6GAL1,0.35
ST6GAL1,ST6GAL1,ARFGEF3,0.35
ST6GAL1,ST6GAL1,ATRIP,0.35
ST6GAL1,ST6GAL1,HLA-C,0.35
ST6GAL2,ccsb orf id: 13502,ST6GAL2,0.56
ST6GAL2,AQP6,ST6GAL2,0.56
ST6GAL2,CD53,ST6GAL2,0.56
ST6GAL2,FNDC9,ST6GAL2,0.56
ST6GAL2,GIPC3,ST6GAL2,0.56
ST6GAL2,GOLM1,ST6GAL2,0.56
ST6GAL2,GPX8,ST6GAL2,0.56
ST6GAL2,HSD17B13,ST6GAL2,0.56
ST6GAL2,PGRMC2,ST6GAL2,0.56
ST6GAL2,SLC7A1,ST6GAL2,0.56
ST6GALNAC3,TTMP,ST6GALNAC3,0.56
ST6GALNAC3,CLEC2D,ST6GALNAC3,0.35
ST6GALNAC3,KLRG2,ST6GALNAC3,0.35
ST6GALNAC3,NCEH1,ST6GALNAC3,0.35
ST6GALNAC3,PTCH1,ST6GALNAC3,0.35
ST6GALNAC3,SCN3B,ST6GALNAC3,0.35
ST6GALNAC3,ST6GALNAC3,CAMK1,0.35
ST6GALNAC3,ST6GALNAC3,DSG4,0.35
STAB1,STAB1,FN1,0.51
STAB1,STAB1,RPN1,0.4
STAG1,SMC3,STAG1,0.93
STAG1,STAG1,SMC3,0.93
STAG2,RAD21,STAG2,0.96
STAG2,STAG2,RAD21,0.96
STAM2,LITAF,STAM2,0.85
STAM2,STAM2,LITAF,0.85
STARD10,PRMT6,STARD10,0.51
STARD10,STARD10,PRMT6,0.51
STARD10,STARD10,TP53,0.37
STARD10,PLEKHA7,STARD10,0.35
STAT1,STAT1,STAT2,0.89
STAT1,STAT2,STAT1,0.89
STAT2,STAT1,STAT2,0.89
STAT2,STAT2,STAT1,0.89
STAT3,EGFR,STAT3,0.92
STAT4,KLF11,STAT4,0.56
STAT4,STAT4,NUP58,0.56
STAT4,STAT4,STAT4,0.56
STAT4,IL12RB2,STAT4,0.53
STAT5A,EGFR,STAT5A,0.63
STAT5A,PTPN1,STAT5A,0.56
STAT5A,STAP2,STAT5A,0.56
STAT5B,NMI,STAT5B,0.63
STAT5B,STAT5B,NMI,0.63
STAT5B,STAT5B,STAT5B,0.62
STAT6,IL4R,STAT6,0.64
STAT6,STAT6,IL4R,0.64
STAT6,STAT6,STING1,0.63
STC1,STC1,MEOX2,0.56
STC1,STC1,STC1,0.56
STC1,STC1,PAPPA,0.44
STIM1,ORAI1,STIM1,0.96
STIM1,STIM1,ORAI1,0.96
STIM2,STIM1,STIM2,0.56
STIM2,STIM2,STIM1,0.56
STIM2,PRKAA2,STIM2,0.53
STIM2,PRKAB2,STIM2,0.53
STIM2,STIM2,PRKAA2,0.53
STIM2,STIM2,PRKAB2,0.53
STK11,STK11,STRADA,0.95
STK11IP,STK11IP,SMAD4,0.37
STK11IP,UBE2DNL,STK11IP,0.37
STK11IP,BCL7C,STK11IP,0.35
STK11IP,COMMD1,STK11IP,0.35
STK11IP,COMTD1,STK11IP,0.35
STK19,BHLHE40,STK19,0.72
STK19,STK19,BHLHE40,0.72
STK19,MAB21L3,STK19,0.56
STK19,STK19,MAB21L3,0.56
STK19,STK19,PFDN5,0.56
STK26,PDCD10,STK26,0.86
STK26,STK26,PDCD10,0.86
STK26,STK26,STRN3,0.79
STK31,STK31,VIM,0.4
STK31,ESR2,STK31,0.35
STK31,MAPT,STK31,0.35
STK31,STK31,FAM114A2,0.35
STK31,STK31,FYTTD1,0.35
STK31,STK31,HIGD1A,0.35
STK31,STK31,SEC61B,0.35
STK4,SAV1,STK4,0.94
STK4,STK4,SAV1,0.94
STK40,STK40,TRIB1,0.67
STK40,TRIB1,STK40,0.67
STK40,FOS,STK40,0.64
STRADA,STK11,STRADA,0.95
STX2,STX2,STX4,0.6
STX2,AARD,STX2,0.56
STX2,ABI3,STX2,0.56
STX2,ANKRD46,STX2,0.56
STYK1,HSP90AB1,STYK1,0.67
STYK1,STYK1,HSP90AB1,0.67
STYK1,STYK1,GRAMD1A,0.57
STYK1,STYK1,CDC37,0.53
STYK1,STYK1,HSP90AA1,0.53
SUFU,GLI1,SUFU,0.97
SULF1,DSCR9,SULF1,0.37
SULF1,DYRK1A,SULF1,0.37
SULF1,APP,SULF1,0.35
SULF1,INSL5,SULF1,0.35
SULF1,LRRC4C,SULF1,0.35
SULT1B1,SULT1B1,SULT2B1,0.81
SULT1B1,SULT2B1,SULT1B1,0.81
SULT1B1,SULT1B1,SULT2A1,0.72
SULT2B1,SULT1B1,SULT2B1,0.81
SULT2B1,SULT2B1,SULT1B1,0.81
SULT2B1,SULT1A1,SULT2B1,0.78
SUPT7L,SGF29,SUPT7L,0.53
SUPT7L,USP22,SUPT7L,0.4
SUPT7L,SUPT7L,PTN,0.37
SUPT7L,ATXN7,SUPT7L,0.35
SUPT7L,ATXN7L3,SUPT7L,0.35
SUPT7L,CDK8,SUPT7L,0.35
SUZ12,EZH2,SUZ12,0.95
SWAP70,RAPGEF4,SWAP70,0.67
SWAP70,SARS1,SWAP70,0.56
SWAP70,SLC16A1,SWAP70,0.56
SYNCRIP,SYNCRIP,YBX1,0.77
SYNCRIP,YBX1,SYNCRIP,0.77
SYNCRIP,PRMT8,SYNCRIP,0.71
SYNE1,SUN2,SYNE1,0.81
SYNE1,SYNE1,SUN2,0.81
SYNE1,SUN1,SYNE1,0.71
SYNE2,SUN2,SYNE2,0.85
SYNE2,SYNE2,SUN2,0.85
SYNE3,SUN2,SYNE3,0.56
SYNGR2,SCARA3,SYNGR2,0.56
SYNGR2,SYNGR2,SCARA3,0.56
SYNGR2,SYNGR2,BDKRB2,0.37
SYNGR2,SYNGR2,C5AR2,0.37
SYNGR2,SYNGR2,CCR4,0.37
SYNGR2,SYNGR2,DRD2,0.37
SYNGR2,SYNGR2,F2RL1,0.37
SYNRG,APPBP2,SYNRG,0.56
SYNRG,SYNRG,APPBP2,0.56
SYNRG,SYNRG,GGA1,0.44
SYNRG,SYNRG,GGA2,0.44
SYNRG,MAPT,SYNRG,0.42
SYT10,SYT3,SYT10,0.35
SYT10,SYT6,SYT10,0.35
SYT4,SGTA,SYT4,0.78
SYT4,SYT4,SGTA,0.78
SYTL1,RAB27A,SYTL1,0.56
SYTL2,PPP1CA,SYTL2,0.59
SYTL2,SYTL2,PPP1CA,0.59
SYTL2,LNX1,SYTL2,0.56
SYTL2,MORN4,SYTL2,0.56
SZT2,SZT2,WDR24,0.6
SZT2,WDR24,SZT2,0.6
SZT2,CRX,SZT2,0.56
SZT2,REL,SZT2,0.56
SZT2,SZT2,CRX,0.56
TAB3,MAP3K7CL,TAB3,0.72
TAB3,TAB3,MAP3K7CL,0.72
TAB3,MAP3K7,TAB3,0.71
TAB3,TAB3,MAP3K7,0.71
TAF1L,PSTPIP1,TAF1L,0.4
TAF1L,TBP,TAF1L,0.37
TAF1L,ESR1,TAF1L,0.35
TAF1L,AURKAIP1,TAF1L,0.27
TAF1L,FLT3,TAF1L,0.27
TAF1L,LHX3,TAF1L,0.27
TAF1L,LHX4,TAF1L,0.27
TAL1,TAL1,TCF3,0.84
TAL1,TCF3,TAL1,0.84
TAL1,TAL1,TCF12,0.78
TAL2,TCF4,TAL2,0.56
TAL2,LMO2,TAL2,0.37
TAL2,RUNX1T1,TAL2,0.37
TAL2,TAL2,CBFA2T2,0.37
TAL2,TAL2,PCBD2,0.37
TAMM41,TAMM41,BCKDHA,0.4
TAMM41,TAMM41,SPTAN1,0.4
TAMM41,APBA3,TAMM41,0.35
TAMM41,APBB1,TAMM41,0.35
TAMM41,CD70,TAMM41,0.35
TAMM41,COQ9,TAMM41,0.35
TAMM41,FAM174A,TAMM41,0.35
TAP1,TAP1,TAP2,0.93
TAP1,TAP2,TAP1,0.93
TAP2,TAP1,TAP2,0.93
TAP2,TAP2,TAP1,0.93
TAS2R60,TAS2R60,DAPK1,0.44
TAS2R60,TAS2R60,LRRK2,0.44
TAS2R60,TAS2R60,MFHAS1,0.44
TBC1D12,NEK4,TBC1D12,0.35
TBC1D13,ARHGEF5,TBC1D13,0.56
TBC1D13,PLIN3,TBC1D13,0.56
TBC1D13,SPDYE4,TBC1D13,0.56
TBC1D13,TBC1D13,ARHGEF5,0.56
TBC1D13,TBC1D13,PLIN3,0.56
TBC1D22A,ACBD3,TBC1D22A,0.64
TBC1D22A,TBC1D22A,ACBD3,0.64
TBC1D32,CFAP20,TBC1D32,0.51
TBC1D32,FAM149B1,TBC1D32,0.4
TBC1D32,TBC1D32,H1-5,0.4
TBC1D32,CDK7,TBC1D32,0.35
TBC1D32,CFAP20,TBC1D32,0.35
TBC1D32,FOXJ1,TBC1D32,0.35
TBC1D7,TBC1D7,TRAF4,0.84
TBC1D7,TRAF4,TBC1D7,0.84
TBC1D7,HOOK1,TBC1D7,0.78
TBK1,IRF3,TBK1,0.92
TBK1,TANK,TBK1,0.92
TBKBP1,TBK1,TBKBP1,0.86
TBKBP1,TBKBP1,TBK1,0.86
TBKBP1,IKBKE,TBKBP1,0.72
TBL1XR1,ATXN1,TBL1XR1,0.7
TBL1XR1,ARL2,TBL1XR1,0.67
TBL1XR1,TBL1XR1,ARL2,0.67
TBL2,TBL2,MEOX2,0.56
TBL2,ESR1,TBL2,0.53
TBL2,USP44,TBL2,0.4
TBR1,ATXN1,TBR1,0.66
TBR1,TBR1,ATXN1,0.66
TBR1,APP,TBR1,0.56
TBX18,TBX18,KRTAP8-1,0.56
TBX18,TBX18,ARC,0.56
TBX18,TBX18,PLEKHG4,0.56
TBX18,TBX18,TRAF1,0.56
TBX22,VENTX,TBX22,0.72
TBX22,ATXN1,TBX22,0.56
TBX22,ATXN3,TBX22,0.56
TBX3,ccsb orf id: 9453,TBX3,0.56
TBX3,CA8,TBX3,0.56
TBX3,TBX3,ccsb orf id: 9453,0.56
TBX3,TBX3,CA8,0.56
TBX3,TBX3,CSF3,0.56
TCAF1,IKZF3,TCAF1,0.74
TCAF1,SF3B4,TCAF1,0.74
TCAF1,TCAF1,IKZF3,0.74
TCAF1,TCAF1,SF3B4,0.74
TCEA1,POLR2A,TCEA1,0.71
TCEA1,TCEA1,POLR2A,0.71
TCEA1,PAF1,TCEA1,0.58
TCEA1,TCEA1,LEO1,0.58
TCEAL6,TCEAL6,SMAD2,0.4
TCERG1,TCERG1,TCERG1,0.64
TCF12,NEUROG3,TCF12,0.78
TCF12,TAL1,TCF12,0.78
TCF21,SDCBP,TCF21,0.56
TCF21,TCF21,APP,0.56
TCF21,TCF21,MYOD1,0.56
TCF21,TCF21,TCF12,0.56
TCF3,TAL1,TCF3,0.84
TCF3,TCF3,TAL1,0.84
TCF7L2,CTNNB1,TCF7L2,0.97
TCHH,EFHD1,TCHH,0.4
TCHH,TCHH,LMNA,0.4
TCHH,CCND1,TCHH,0.35
TCHH,EZR,TCHH,0.35
TCHH,NSMAF,TCHH,0.35
TCHH,OAZ3,TCHH,0.35
TCHH,TBC1D14,TCHH,0.35
TCL1A,CALCOCO2,TCL1A,0.87
TCL1A,TCL1A,CALCOCO2,0.87
TCL1B,BAG4,TCL1B,0.56
TCL1B,GLRX3,TCL1B,0.56
TCL1B,LSM1,TCL1B,0.56
TCL1B,LSM5,TCL1B,0.56
TCL1B,LSM7,TCL1B,0.56
TCL1B,MARK1,TCL1B,0.56
TCP11L2,TCP11L2,TUBA4A,0.67
TCP11L2,TUBA1A,TCP11L2,0.67
TCP11L2,TUBA4A,TCP11L2,0.67
TDG,SUMO1,TDG,0.67
TDG,TDG,SUMO1,0.67
TDG,AICDA,TDG,0.58
TDG,NCOA1,TDG,0.58
TDRD5,TDRD5,EIF4B,0.35
TDRD5,TDRD5,FABP5,0.35
TDRD5,TDRD5,PRSS3,0.35
TDRD5,TDRD5,SRSF9,0.35
TDRD5,TDRD5,TUBA1B,0.35
TDRD5,TDRD5,UBB,0.35
TEDC2,386682,TEDC2,0.56
TEDC2,KRTAP10-7,TEDC2,0.56
TEDC2,KRTAP10-9,TEDC2,0.56
TEDC2,NOTCH2NLA,TEDC2,0.56
TEDC2,TEDC2,386682,0.56
TEDC2,TEDC2,KRTAP10-7,0.56
TEDC2,TEDC2,KRTAP10-9,0.56
TEK,ANGPT2,TEK,0.74
TENM2,CD9,TENM2,0.46
TENM2,DISC1,TENM2,0.37
TENM2,CD81,TENM2,0.35
TENM2,DCAF4,TENM2,0.35
TENM2,MYC,TENM2,0.35
TENT4B,C6orf11,TENT4B,0.35
TENT4B,CNBP,TENT4B,0.35
TENT4B,DGCR8,TENT4B,0.35
TENT4B,ESR1,TENT4B,0.35
TENT4B,MKI67,TENT4B,0.35
TENT4B,MNDA,TENT4B,0.35
TENT5C,RHOXF2,TENT5C,0.56
TENT5C,AP2B1,TENT5C,0.37
TENT5C,DAZAP2,TENT5C,0.37
TENT5C,MVP,TENT5C,0.37
TENT5C,PLK4,TENT5C,0.37
TENT5C,PRKN,TENT5C,0.37
TENT5C,TENT5C,SF1,0.37
TENT5D,KRTAP11-1,TENT5D,0.56
TENT5D,KRTAP6-2,TENT5D,0.56
TENT5D,KRTAP19-2,TENT5D,0.56
TENT5D,ARID5A,TENT5D,0.56
TENT5D,C10orf55,TENT5D,0.56
TENT5D,C1orf94,TENT5D,0.56
TENT5D,MSX2,TENT5D,0.56
TENT5D,PLEKHG4,TENT5D,0.56
TENT5D,PTPN3,TENT5D,0.56
TESC,SLC9A1,TESC,0.72
TESC,TESC,SLC9A1,0.72
TESC,TESC,WBP11,0.56
TESC,WBP11,TESC,0.56
TET1,OGT,TET1,0.53
TET1,TET1,OGT,0.53
TET2,OGT,TET2,0.66
TET2,TET2,OGT,0.66
TET2,TET2,WT1,0.6
TET3,OGT,TET3,0.74
TET3,TET3,OGT,0.74
TET3,BAG2,TET3,0.4
TEX14,CEP55,TEX14,0.72
TEX14,TEX14,CEP55,0.72
TEX15,TEX15,GOLGA2,0.4
TEX15,TEX15,H2BC9,0.4
TEX15,TEX15,RPL19,0.4
TEX15,ATF6B,TEX15,0.35
TEX15,COLQ,TEX15,0.35
TEX15,PTBP3,TEX15,0.35
TEX15,SERPINC1,TEX15,0.35
TEX44,CPT1B,TEX44,0.72
TEX44,TEX44,CPT1B,0.72
TEX44,APOC1,TEX44,0.56
TEX44,MPC2,TEX44,0.56
TEX44,SYPL1,TEX44,0.56
TEX44,TEX44,APOC1,0.56
TFAP2A,TFAP2A,GSTO2,0.72
TFAP2A,GSTO2,TFAP2A,0.67
TFAP2A,TFAP2A,GSTO2,0.67
TFAP2D,KRTAP1-1,TFAP2D,0.56
TFAP2D,KRTAP15-1,TFAP2D,0.56
TFAP2D,KRTAP6-1,TFAP2D,0.56
TFAP2D,KRTAP26-1,TFAP2D,0.56
TFAP2D,ccsb orf id: 100064146,TFAP2D,0.56
TFAP2D,KRTAP6-2,TFAP2D,0.56
TFAP2D,KRTAP19-2,TFAP2D,0.56
TFAP2D,KRTAP1-3,TFAP2D,0.56
TFAP2D,KRTAP12-3,TFAP2D,0.56
TFAP2D,KRTAP19-6,TFAP2D,0.56
TFAP4,EXOSC8,TFAP4,0.72
TFAP4,GOLGA2,TFAP4,0.72
TFAP4,TFAP4,EXOSC8,0.72
TFAP4,TFAP4,GOLGA2,0.72
TFDP1,E2F1,TFDP1,0.95
TFE3,LAMTOR3,TFE3,0.56
TFE3,TFE3,LAMTOR3,0.56
TFE3,TFEB,TFE3,0.53
TFE3,7657431,TFE3,0.4
TFE3,ECHS1,TFE3,0.4
TFE3,MITF,TFE3,0.4
TFE3,RPGRIP1,TFE3,0.4
TFE3,TFE3,42476166,0.4
TFEB,TFEB,YWHAE,0.56
TFEB,YWHAE,TFEB,0.56
TFEB,TFEB,TFE3,0.53
TFEB,SRPK1,TFEB,0.44
TFEB,MITF,TFEB,0.4
TFEB,TFEB,PPP3CB,0.4
TFEB,TFEB,SUMO1,0.4
TFPT,TPM3,TFPT,0.74
TFPT,YY1,TFPT,0.67
TFRC,TFRC,TF,0.85
TGDS,TGDS,HTT,0.56
TGDS,TGDS,NCK1,0.4
TGDS,TGDS,PIK3R1,0.4
TGFA,EGFR,TGFA,0.78
TGFA,TGFA,EGFR,0.78
TGFBR2,TGFB1,TGFBR2,0.89
TGFBR2,TGFBR2,TGFB1,0.89
TGFBR3,TGFBR3,GIPC1,0.51
TGFBR3,TGFB1,TGFBR3,0.44
TGFBR3,TGFB3,TGFBR3,0.44
TGFBR3,ATP1B3,TGFBR3,0.35
TGIF1,CTBP2,TGIF1,0.74
TGIF1,TGIF1,CTBP2,0.74
TGIF1,MDFI,TGIF1,0.67
TGIF1,TGIF1,MDFI,0.67
TGIF1,LGALS8,TGIF1,0.6
TGM1,KRTAP4-12,TGM1,0.56
TGM1,KRTAP5-9,TGM1,0.56
TGM1,ACADL,TGM1,0.56
TGM1,ALPP,TGM1,0.56
TGM1,C1QTNF1,TGM1,0.56
TGS1,FBL,TGS1,0.56
TGS1,NOXA1,TGS1,0.56
THAP12,SELENBP1,THAP12,0.56
THAP12,TACC1,THAP12,0.56
THAP12,THAP12,KIAA1958,0.56
THAP12,THAP12,SELENBP1,0.56
THAP12,THAP12,TACC1,0.56
THAP5,EXOC1,THAP5,0.37
THAP5,THAP5,SKIL,0.37
THBS1,THBS1,FN1,0.61
THBS2,CFTR,THBS2,0.35
THBS2,THBS2,AP1G2,0.35
THOC5,THOC1,THOC5,0.89
THOC5,THOC5,THOC1,0.89
THOC6,NCBP3,THOC6,0.64
THOC6,THOC1,THOC6,0.53
THOC6,THOC2,THOC6,0.53
THOC7,THOC5,THOC7,0.65
THOC7,THOC7,THOC5,0.65
THOC7,NCBP3,THOC7,0.64
THRAP3,SNIP1,THRAP3,0.67
THRAP3,THRAP3,SNIP1,0.67
THSD7A,AQP6,THSD7A,0.56
THSD7A,ARL13B,THSD7A,0.56
THSD7A,CD33,THSD7A,0.56
THSD7A,COMT,THSD7A,0.56
THSD7A,ELOVL5,THSD7A,0.56
THSD7A,GOLM1,THSD7A,0.56
THSD7A,HSD17B13,THSD7A,0.56
THSD7A,LHFPL1,THSD7A,0.56
THSD7A,SCN3B,THSD7A,0.56
THSD7A,THSD7A,AQP6,0.56
THSD7B,THSD7B,AQP6,0.56
THSD7B,THSD7B,ARL13B,0.56
THSD7B,THSD7B,CISD2,0.56
THSD7B,THSD7B,DARS2,0.56
TIA1,SNRPC,TIA1,0.6
TIAL1,TARDBP,TIAL1,0.58
TIAL1,TIAL1,TARDBP,0.58
TIAL1,AOC1,TIAL1,0.56
TIAL1,FAM168A,TIAL1,0.56
TIAL1,FAM168B,TIAL1,0.56
TIAL1,PRR20D,TIAL1,0.56
TIAL1,SNRPA,TIAL1,0.56
TIAL1,TIAL1,KRTAP8-1,0.56
TIGAR,CASP6,TIGAR,0.56
TIGAR,HIP1,TIGAR,0.56
TIGAR,LAMP2,TIGAR,0.56
TIGAR,SH3GLB1,TIGAR,0.56
TIGD3,RALY,TIGD3,0.56
TIGD3,RALYL,TIGD3,0.56
TIGD3,TIGD3,PNMA3,0.56
TIGD3,TIGD3,RALY,0.56
TIGD3,TIGD3,RALYL,0.56
TIGD3,TIGD3,TLE5,0.56
TIGIT,TIGIT,NECTIN2,0.79
TIGIT,PVR,TIGIT,0.61
TIGIT,TIGIT,PVR,0.61
TIGIT,CD226,TIGIT,0.56
TIMM17A,VHL,TIMM17A,0.4
TIMM17A,TIMM17A,HAP1,0.37
TIMM17A,TUBA1A,TIMM17A,0.37
TIMM17A,DNAJC15,TIMM17A,0.35
TIMM17A,P2RX5,TIMM17A,0.35
TIMM17A,RIPK4,TIMM17A,0.35
TIMM17A,TIMM17A,ELOVL5,0.27
TIMM17A,TIMM17A,ROMO1,0.27
TIPARP,TIPARP,RPL11,0.4
TIPARP,XRN2,TIPARP,0.37
TIPARP,NCBP2,TIPARP,0.35
TIPIN,RPA2,TIPIN,0.67
TIPIN,TIPIN,RPA2,0.67
TIPIN,TIPIN,TIMELESS,0.59
TJP1,KIRREL1,TJP1,0.67
TKTL2,NFIC,TKTL2,0.37
TKTL2,PRCC,TKTL2,0.35
TKTL2,TKTL2,FBLN5,0.35
TKTL2,TKTL2,USP33,0.35
TKTL2,ZSWIM2,TKTL2,0.35
TLE1,DAZAP2,TLE1,0.67
TLE1,TLE1,DAZAP2,0.67
TLE1,TLE1,TLE1,0.62
TLE1,RUNX1,TLE1,0.59
TLE2,DDB1,TLE2,0.5
TLE2,TLE2,DDB1,0.5
TLE2,NUDC,TLE2,0.4
TLE2,EMX2,TLE2,0.37
TLE2,FOXA3,TLE2,0.37
TLE2,MSX1,TLE2,0.37
TLE2,MSX2,TLE2,0.37
TLE2,PAX9,TLE2,0.37
TLE2,TLE2,BARHL1,0.37
TLE2,TLE2,TLX3,0.37
TLE3,FOXQ1,TLE3,0.57
TLE3,CHERP,TLE3,0.56
TLE3,CSTF2,TLE3,0.56
TLE3,SIX1,TLE3,0.56
TLE4,NUP62,TLE4,0.56
TLE4,TLE4,NUP62,0.56
TLE4,EN1,TLE4,0.42
TLL2,BMP1,TLL2,0.35
TLR2,MYD88,TLR2,0.74
TLR2,TLR2,MYD88,0.74
TLR2,EGFR,TLR2,0.68
TLR2,TLR2,EGFR,0.68
TLR2,TLR2,TLR6,0.68
TLR2,TLR6,TLR2,0.68
TLR4,LY96,TLR4,0.82
TLR4,TLR4,LY96,0.82
TLR5,P05067-PRO_0000000092,TLR5,0.56
TLR5,P05067-PRO_0000000093,TLR5,0.56
TLR5,TLR5,P05067-PRO_0000000092,0.56
TLR5,TLR5,P05067-PRO_0000000093,0.56
TLR6,TLR2,TLR6,0.68
TLR6,TLR6,TLR2,0.68
TLR6,TLR6,TLR6,0.58
TLR6,TLR4,TLR6,0.5
TLR7,AARSD1,TLR7,0.4
TLR7,MLF1,TLR7,0.4
TLR7,PSMD2,TLR7,0.4
TLR7,SIGLEC5,TLR7,0.4
TLR7,SIGLEC9,TLR7,0.4
TLR7,TLR7,MLF2,0.4
TLR7,TLR7,TLR8,0.4
TLR9,RBMX,TLR9,0.4
TLR9,SIGLEC5,TLR9,0.4
TLX1,PBX2,TLX1,0.55
TLX1,TLX1,PBX2,0.55
TLX3,ccsb orf id: 100064146,TLX3,0.56
TLX3,ccsb orf id: 11745,TLX3,0.56
TLX3,ccsb orf id: 9453,TLX3,0.56
TLX3,CIMIP2B,TLX3,0.56
TLX3,CRX,TLX3,0.56
TLX3,CTNNA3,TLX3,0.56
TLX3,FAM168B,TLX3,0.56
TLX3,FOXH1,TLX3,0.56
TM4SF18,BNIP3,TM4SF18,0.56
TM4SF18,CLDN19,TM4SF18,0.56
TM4SF18,CLEC2D,TM4SF18,0.56
TM4SF18,CXCL9,TM4SF18,0.56
TM9SF1,P2RX7,TM9SF1,0.37
TM9SF1,TCOF1,TM9SF1,0.37
TM9SF1,TM9SF1,MTNR1A,0.37
TM9SF1,TM9SF1,RNASEH1,0.37
TM9SF1,ATP6V1A,TM9SF1,0.35
TM9SF1,CLEC2D,TM9SF1,0.35
TMBIM6,ODF4,TMBIM6,0.67
TMBIM6,RNF185,TMBIM6,0.67
TMBIM6,TMBIM6,ODF4,0.67
TMBIM6,TMBIM6,RNF185,0.67
TMEM128,TMEM128,GRB2,0.57
TMEM128,AQP6,TMEM128,0.56
TMEM128,ARL13B,TMEM128,0.56
TMEM128,BCL2L13,TMEM128,0.56
TMEM128,CD40,TMEM128,0.56
TMEM128,CD53,TMEM128,0.56
TMEM132C,MAP1LC3A,TMEM132C,0.44
TMEM132C,TMEM132C,PPP1CA,0.44
TMEM132C,TMEM132C,RPL19,0.4
TMEM132D,PPP1CA,TMEM132D,0.54
TMEM132D,TMEM132D,PPP1CA,0.54
TMEM147,CREB3L1,TMEM147,0.78
TMEM147,LDLRAD1,TMEM147,0.78
TMEM147,TMEM147,CREB3L1,0.78
TMEM160,EMP1,TMEM160,0.56
TMEM160,SLC16A13,TMEM160,0.56
TMEM160,TMEM160,EMP1,0.56
TMEM160,TMEM160,SLC16A13,0.56
TMEM160,KBTBD7,TMEM160,0.53
TMEM160,WLS,TMEM160,0.49
TMEM165,CFTR,TMEM165,0.48
TMEM165,AHSP,TMEM165,0.37
TMEM165,PROM1,TMEM165,0.37
TMEM165,REL,TMEM165,0.37
TMEM165,ADCK2,TMEM165,0.35
TMEM199,AQP6,TMEM199,0.56
TMEM199,BIK,TMEM199,0.56
TMEM199,EBP,TMEM199,0.56
TMEM199,ERLIN1,TMEM199,0.56
TMEM199,IFNGR2,TMEM199,0.56
TMEM199,KASH5,TMEM199,0.56
TMEM199,STX1A,TMEM199,0.56
TMEM199,STX4,TMEM199,0.56
TMEM201,EMD,TMEM201,0.68
TMEM201,TMEM201,EMD,0.68
TMEM201,ccsb orf id: 12141,TMEM201,0.56
TMEM201,ccsb orf id: 12395,TMEM201,0.56
TMEM201,CYB5R3,TMEM201,0.56
TMEM201,FRMD3,TMEM201,0.56
TMEM201,PTPN5,TMEM201,0.56
TMEM201,TMEM201,ccsb orf id: 12141,0.56
TMEM208,ccsb orf id: 2260,TMEM208,0.56
TMEM208,C10orf67,TMEM208,0.56
TMEM208,CREB3L1,TMEM208,0.56
TMEM208,EBP,TMEM208,0.56
TMEM208,FAM209A,TMEM208,0.56
TMEM208,GPR152,TMEM208,0.56
TMEM208,KCNJ6,TMEM208,0.56
TMEM208,MFSD14B,TMEM208,0.56
TMEM208,NDRG4,TMEM208,0.56
TMEM220,TMEM220,LRRC3B,0.56
TMEM220,TMEM220,TMEM14B,0.56
TMEM220,TMEM220,ACTA2,0.35
TMEM220,TMEM220,COX6B1,0.35
TMEM220,TMEM220,GAPDHS,0.35
TMEM220,TMEM220,PTPN11,0.35
TMEM243,ccsb orf id: 13502,TMEM243,0.56
TMEM243,AQP6,TMEM243,0.56
TMEM243,BIK,TMEM243,0.56
TMEM243,CD33,TMEM243,0.56
TMEM243,CD74,TMEM243,0.56
TMEM243,CD79A,TMEM243,0.56
TMEM243,CISD2,TMEM243,0.56
TMEM243,CLEC14A,TMEM243,0.56
TMEM243,CPLX4,TMEM243,0.56
TMEM253,RAPGEF5,TMEM253,0.37
TMEM253,TMEM253,TUBA1B,0.37
TMEM30A,ATP8B1,TMEM30A,0.88
TMEM30A,TMEM30A,ATP8B1,0.88
TMEM30A,ATP11A,TMEM30A,0.74
TMEM40,CFTR,TMEM40,0.63
TMEM40,CDK15,TMEM40,0.35
TMEM63A,EEF1D,TMEM63A,0.4
TMEM63A,TMEM63A,CCR2,0.37
TMEM63A,TMEM63A,CREB3,0.37
TMEM63A,TMEM63A,DRD2,0.37
TMEM63A,TMEM63A,GPR37,0.37
TMEM63A,ATP2B2,TMEM63A,0.35
TMEM63A,C3AR1,TMEM63A,0.35
TMEM63A,ENTREP1,TMEM63A,0.35
TMEM63A,HTR3A,TMEM63A,0.35
TMEM63A,LGALS8,TMEM63A,0.35
TMEM71,FAM3C,TMEM71,0.56
TMEM71,SEC22A,TMEM71,0.56
TMEM71,TCEA2,TMEM71,0.56
TMEM71,TMEM71,FAM3C,0.56
TMEM71,TMEM71,SEC22A,0.56
TMEM71,TMEM71,TMX2,0.56
TMPRSS11A,MYC,TMPRSS11A,0.35
TMPRSS11A,TMPRSS11A,ACADL,0.35
TMPRSS11A,TMPRSS11A,PAK4,0.35
TMPRSS11A,TMPRSS11A,PSG3,0.35
TMPRSS11A,TMPRSS11A,RSPRY1,0.35
TMPRSS11A,TMPRSS11A,TMEM11,0.35
TMPRSS11D,SGTA,TMPRSS11D,0.56
TMPRSS11D,TMPRSS11D,SGTA,0.56
TMPRSS11D,TMPRSS11D,MST1,0.44
TMPRSS13,LRRK2,TMPRSS13,0.35
TMPRSS13,MAPT,TMPRSS13,0.35
TMPRSS4,ERVFRD-1,TMPRSS4,0.56
TMPRSS4,BNIP3L,TMPRSS4,0.56
TMPRSS4,CLEC7A,TMPRSS4,0.56
TMPRSS4,CLRN1,TMPRSS4,0.56
TMPRSS4,FAM209A,TMPRSS4,0.56
TMPRSS4,FNDC9,TMPRSS4,0.56
TMPRSS4,GPX8,TMPRSS4,0.56
TMPRSS4,KASH5,TMPRSS4,0.56
TMSB4X,MLH1,TMSB4X,0.73
TMSB4X,TMSB4X,MLH1,0.73
TMTC2,CDH1,TMTC2,0.35
TMTC2,CUL3,TMTC2,0.35
TMTC2,PCDHB11,TMTC2,0.35
TMTC2,PCDHGB1,TMTC2,0.35
TMTC2,PTBP3,TMTC2,0.35
TMTC3,DAB1,TMTC3,0.56
TMTC3,TMTC3,DAB1,0.56
TMTC3,ANKRD12,TMTC3,0.4
TMTC3,CDH5,TMTC3,0.35
TMTC3,CHRND,TMTC3,0.35
TMTC3,DEFA5,TMTC3,0.35
TMTC3,HSCB,TMTC3,0.35
TMTC3,HTR3A,TMTC3,0.35
TMX3,CALR,TMX3,0.56
TMX3,ccsb_10679,TMX3,0.56
TMX3,DLST,TMX3,0.56
TMX3,FHL3,TMX3,0.56
TNC,COL5A1,TNC,0.51
TNC,TNC,COL5A1,0.51
TNFAIP6,FGF2,TNFAIP6,0.61
TNFAIP6,CXCL8,TNFAIP6,0.56
TNFAIP8,MED4,TNFAIP8,0.78
TNFAIP8,TNFAIP8,MED4,0.78
TNFAIP8,PRR13,TNFAIP8,0.72
TNFAIP8L3,SDCBP,TNFAIP8L3,0.56
TNFAIP8L3,TNFAIP8L3,CBY1,0.56
TNFRSF10A,CASP8,TNFRSF10A,0.76
TNFRSF10A,TNFRSF10A,CASP8,0.76
TNFRSF10A,TNFRSF10A,TNFSF10,0.72
TNFRSF11A,TNFRSF11A,O14788-PRO_0000034515,0.61
TNFRSF14,TNFRSF14,TNFSF14,0.74
TNFRSF14,TNFSF14,TNFRSF14,0.74
TNFRSF14,TNFRSF14,TRAF2,0.69
TNFRSF14,TRAF2,TNFRSF14,0.69
TNFRSF14,TNFRSF14,TRAF2,0.65
TNFRSF14,TNFRSF14,TRAF5,0.65
TNFRSF17,CMTM7,TNFRSF17,0.56
TNFRSF17,PEX16,TNFRSF17,0.56
TNFRSF17,TMBIM6,TNFRSF17,0.56
TNFRSF17,TNFRSF17,CMTM7,0.56
TNFRSF17,TNFRSF17,PEX16,0.56
TNFRSF1B,GRN,TNFRSF1B,0.64
TNFRSF1B,TNFRSF1B,GRN,0.64
TNFRSF1B,TNFRSF1B,TNF,0.61
TNFRSF1B,TNFRSF1B,TRAF2,0.57
TNFRSF1B,TRAF2,TNFRSF1B,0.57
TNFRSF8,TNFRSF8,TNFRSF8,0.44
TNFRSF8,TNFRSF8,TRAF2,0.44
TNFRSF8,BCL6,TNFRSF8,0.35
TNFRSF8,TNFRSF8,ATP6V1D,0.35
TNFRSF8,TNFRSF8,BLOC1S1,0.35
TNFSF10,TNFRSF10B,TNFSF10,0.95
TNFSF10,TNFSF10,TNFRSF10B,0.95
TNFSF13,TNFSF13,APP,0.56
TNFSF8,BMP10,TNFSF8,0.56
TNFSF8,CXCL9,TNFSF8,0.56
TNFSF8,TNFSF8,CXCL9,0.56
TNPO1,TNPO1,HNRNPM,0.62
TNPO1,TNPO1,FUS,0.56
TNPO1,TNPO1,HNRNPA1,0.56
TNPO1,NXF1,TNPO1,0.54
TNPO2,APIP,TNPO2,0.67
TNPO2,CAMK2D,TNPO2,0.67
TNPO2,EXOC5,TNPO2,0.67
TNPO2,TNPO2,APIP,0.67
TNPO2,TNPO2,CAMK2D,0.67
TNRC18,HDAC1,TNRC18,0.64
TNRC18,YAP1,TNRC18,0.44
TNRC18,TNRC18,H1-4,0.4
TNRC18,BECN1,TNRC18,0.37
TNRC18,BMI1,TNRC18,0.35
TNRC18,CAMKV,TNRC18,0.35
TNRC18,COPS7A,TNRC18,0.35
TNRC6A,AGO2,TNRC6A,0.95
TNRC6B,AGO2,TNRC6B,0.9
TNRC6B,TNRC6B,AGO2,0.9
TNS4,EGFR,TNS4,0.59
TNS4,TNS4,EGFR,0.59
TNS4,CYSRT1,TNS4,0.56
TNS4,HSF2BP,TNS4,0.56
TNS4,KAZN,TNS4,0.56
TNS4,PPP3CA,TNS4,0.56
TNS4,RABEP1,TNS4,0.56
TNS4,TNS4,CARD9,0.56
TOB1,CNOT7,TOB1,0.91
TOB1,TOB1,CNOT7,0.91
TOB1,TOB1,TARDBP,0.67
TONSL,ASF1B,TONSL,0.67
TONSL,TONSL,ASF1B,0.67
TONSL,H3C1,TONSL,0.61
TONSL,ASF1A,TONSL,0.53
TONSL,SSRP1,TONSL,0.53
TONSL,TONSL,ASF1A,0.53
TOR1B,TOR1AIP1,TOR1B,0.61
TOR1B,TOR1B,TOR1AIP1,0.61
TOR1B,TOR1B,TOR1AIP2,0.44
TOR1B,TOR1B,CFTR,0.37
TOR1B,ADPGK,TOR1B,0.35
TOR1B,CD1B,TOR1B,0.35
TP53,MDM2,TP53,0.99
TP53BP1,TP53,TP53BP1,0.88
TP53BP1,TP53BP1,TP53,0.88
TP53BP2,TP53,TP53BP2,0.9
TP53BP2,TP53BP2,TP53,0.9
TP53INP1,ccsb orf id: 11745,TP53INP1,0.6
TP53INP1,GABARAPL1,TP53INP1,0.6
TP53INP1,TP53INP1,ccsb orf id: 11745,0.6
TP53INP1,TP53INP1,GABARAPL1,0.6
TP63,TP63,TP63,0.77
TP63,TP63,TP73,0.7
TP73,TP73,TP73,0.82
TPM3,KXD1,TPM3,0.86
TPM3,TPM3,KXD1,0.86
TPM4,CFTR,TPM4,0.61
TPRG1,ccsb orf id: 9916,TPRG1,0.56
TPRG1,APOC1,TPRG1,0.56
TPRG1,APOC4,TPRG1,0.56
TPRG1,AQP6,TPRG1,0.56
TPRG1,EBAG9,TPRG1,0.56
TPRG1,MFSD14B,TPRG1,0.56
TPRG1,RHBDD2,TPRG1,0.56
TPRG1,SLC10A6,TPRG1,0.56
TPRG1,TPRG1,ccsb orf id: 9916,0.56
TPRG1L,MLH1,TPRG1L,0.37
TPSAB1,TPSAB1,TPSAB1,0.56
TPSAB1,NCK1,TPSAB1,0.4
TPSAB1,TPSAB1,PIK3R1,0.4
TPX2,AURKA,TPX2,0.85
TPX2,TPX2,AURKA,0.85
TPX2,GOLGA2,TPX2,0.72
TRAF1,TRAF1,TRAF6,0.91
TRAF2,BIRC2,TRAF2,0.95
TRAF3,MAP3K14,TRAF3,0.89
TRAF3IP3,EMD,TRAF3IP3,0.81
TRAF3IP3,TRAF3IP3,EMD,0.81
TRAF3IP3,FATE1,TRAF3IP3,0.72
TRAF5,TRAF5,TRAF6,0.88
TRAF5,TRAF6,TRAF5,0.88
TRAF6,TRAF6,TRAF6,0.92
TRAF7,MAP3K3,TRAF7,0.75
TRAF7,MAP3K2,TRAF7,0.53
TRAIP,MAPRE2,TRAIP,0.78
TRAIP,TRAIP,MAPRE2,0.78
TRAK1,RHOT1,TRAK1,0.7
TRAK1,TRAK1,RHOT1,0.7
TRAK1,OGT,TRAK1,0.62
TRAK1,RHOT2,TRAK1,0.62
TRAK1,TRAK1,OGT,0.62
TRAPPC2L,TRAPPC2L,TRAPPC3,0.84
TRAPPC2L,TRAPPC3,TRAPPC2L,0.84
TRAPPC2L,RAB3IP,TRAPPC2L,0.64
TRERF1,HDAC1,TRERF1,0.64
TRERF1,TRERF1,HDAC1,0.64
TRERF1,NEDD4,TRERF1,0.62
TRERF1,YAP1,TRERF1,0.62
TRERF1,ESRRG,TRERF1,0.56
TRHDE,SCHIP1,TRHDE,0.4
TRHDE,TRHDE,CKAP4,0.4
TRHDE,AKT1,TRHDE,0.35
TRHDE,TRHDE,CANX,0.35
TRHDE,TRHDE,DNAJB9,0.35
TRHDE,TRHDE,EMILIN2,0.35
TRHDE,TRHDE,FKBP14,0.35
TRHDE,TRHDE,KIRREL1,0.35
TRIB3,ATF4,TRIB3,0.9
TRIB3,TRIB3,ATF4,0.9
TRIM23,TBC1D22B,TRIM23,0.83
TRIM23,TRIM23,TBC1D22B,0.83
TRIM23,TRIM23,ZNF581,0.83
TRIM24,TRIM24,TRIM33,0.69
TRIM27,ARHGEF3,TRIM27,0.83
TRIM27,TRIM27,ARHGEF3,0.83
TRIM27,TRIM27,UBE2K,0.81
TRIM28,CBX5,TRIM28,0.87
TRIM28,TRIM28,CBX5,0.87
TRIM33,TRIM33,SMAD4,0.75
TRIM33,TRIM24,TRIM33,0.69
TRIM33,TRIM33,TRIM24,0.69
TRIM37,BYSL,TRIM37,0.78
TRIM37,TRIM37,BYSL,0.78
TRIM37,CWF19L2,TRIM37,0.72
TRIM48,NME7,TRIM48,0.56
TRIM48,TRIM48,NME7,0.56
TRIM51,MAGEA11,TRIM51,0.37
TRIM51,RNF40,TRIM51,0.37
TRIM51,SPRY2,TRIM51,0.37
TRIOBP,PPP1CB,TRIOBP,0.57
TRIOBP,CFTR,TRIOBP,0.48
TRIP11,YWHAH,TRIP11,0.61
TRIP11,YWHAG,TRIP11,0.48
TRIP11,EPHA6,TRIP11,0.42
TRIP11,40038273,TRIP11,0.4
TRIP11,HLA-B,TRIP11,0.4
TRIP12,TRIP12,MYC,0.63
TRIP12,TRIP12,CDKN2A,0.6
TRIP13,ARSA,TRIP13,0.9
TRMT10B,OTX2,TRMT10B,0.56
TRMT10B,TRMT10B,ccsb_9919,0.56
TRMT10B,TRMT10B,OTX2,0.56
TRMT10B,TRMT10B,NPM1,0.4
TRMT10B,TRIM55,TRMT10B,0.37
TRMT10B,TRIM63,TRMT10B,0.37
TRMT10B,TRMT10B,MEIS1,0.37
TRMT10C,HSD17B10,TRMT10C,0.83
TRMT44,CCNJL,TRMT44,0.35
TRMT44,F9,TRMT44,0.35
TRMT44,IL12RB1,TRMT44,0.35
TRMT44,LOC554223,TRMT44,0.35
TRMT44,LYPD4,TRMT44,0.35
TRMT44,MUC20,TRMT44,0.35
TRMT44,P4HA2,TRMT44,0.35
TRMT44,PLA2G10,TRMT44,0.35
TRMT44,PRKAB1,TRMT44,0.35
TRPA1,TRPA1,TRPA1,0.52
TRPA1,TRPA1,HUWE1,0.4
TRPC6,MX1,TRPC6,0.58
TRPC6,TRPC6,MX1,0.58
TRPC6,ITPR3,TRPC6,0.4
TRPC7,TRPC7,MX1,0.4
TRPM1,FXR1,TRPM1,0.56
TRPM1,TRPM1,FXR1,0.56
TRPM1,TRPM1,H3-4,0.4
TRPM1,TRPM1,H2BC9,0.4
TRPM1,MYC,TRPM1,0.35
TRPM2,TRPM2,TRPM2,0.36
TRPM2,PPP1R12A,TRPM2,0.35
TRPM3,AKAP17A,TRPM3,0.35
TRPM3,CHCHD10,TRPM3,0.35
TRPM3,OSM,TRPM3,0.35
TRPM3,PHC1,TRPM3,0.35
TRPM3,ZRSR2,TRPM3,0.35
TRPS1,ESR1,TRPS1,0.56
TRPS1,RNF4,TRPS1,0.52
TRPS1,CTBP1,TRPS1,0.48
TRPV5,CALB1,TRPV5,0.46
TRPV5,TRPV5,CALB1,0.46
TRPV5,USF2,TRPV5,0.4
TRPV5,EWSR1,TRPV5,0.37
TRPV6,PTPN1,TRPV6,0.74
TRPV6,TRPV6,PTPN1,0.74
TRRAP,MYC,TRRAP,0.85
TRRAP,TRRAP,MYC,0.85
TSC1,TSC1,TSC2,0.93
TSC1,TSC2,TSC1,0.93
TSC2,TSC2,YWHAB,0.94
TSC2,YWHAB,TSC2,0.94
TSC22D1,NTAQ1,TSC22D1,0.67
TSC22D1,TSC22D1,NTAQ1,0.67
TSC22D1,TPT1,TSC22D1,0.59
TSC22D1,TSC22D1,TPT1,0.59
TSC22D1,APP,TSC22D1,0.56
TSHR,SCRIB,TSHR,0.58
TSHR,TSHR,SCRIB,0.58
TSHR,ADORA1,TSHR,0.51
TSHR,MID1IP1,TSHR,0.51
TSHR,SYT1,TSHR,0.51
TSHR,TSHR,ADORA1,0.51
TSHR,TSHR,MID1IP1,0.51
TSHR,TSHR,SYT1,0.51
TSHZ2,BACH2,TSHZ2,0.56
TSHZ2,CCDC57,TSHZ2,0.56
TSHZ2,CCDC88B,TSHZ2,0.56
TSHZ2,CNTROB,TSHZ2,0.56
TSHZ2,COG3,TSHZ2,0.56
TSHZ2,CRACR2B,TSHZ2,0.56
TSHZ2,GIGYF1,TSHZ2,0.56
TSHZ2,GOLGA2,TSHZ2,0.56
TSHZ2,GRIPAP1,TSHZ2,0.56
TSHZ2,MCC,TSHZ2,0.56
TSHZ3,TFIP11,TSHZ3,0.78
TSHZ3,TSHZ3,TFIP11,0.78
TSHZ3,CTBP2,TSHZ3,0.72
TSPAN18,CD151,TSPAN18,0.56
TSPAN18,CXCL9,TSPAN18,0.56
TSPAN18,GIMAP5,TSPAN18,0.56
TSPAN18,GRM2,TSPAN18,0.56
TSPYL2,CSNK2A1,TSPYL2,0.67
TSPYL2,NOP53,TSPYL2,0.67
TSPYL2,TSPYL2,NOP53,0.67
TSPYL2,TSPYL2,ZNF687,0.67
TSPYL4,CDK5RAP3,TSPYL4,0.72
TSPYL4,TRIM38,TSPYL4,0.72
TSPYL4,TSPYL4,CDK5RAP3,0.72
TSPYL4,TSPYL4,TRIM38,0.72
TTBK2,KLHL12,TTBK2,0.72
TTBK2,TTBK2,KLHL12,0.72
TTBK2,CEP164,TTBK2,0.58
TTBK2,TTBK2,CEP164,0.58
TTC21B,TTC21B,TULP3,0.73
TTC21B,TULP3,TTC21B,0.73
TTC21B,IFT122,TTC21B,0.7
TTC21B,TTC21B,IFT122,0.7
TTC4,HSP90AB1,TTC4,0.68
TTC4,TTC4,HSP90AB1,0.68
TTC4,SNAPC3,TTC4,0.56
TTC4,TTC4,SNAPC3,0.56
TTC4,TBK1,TTC4,0.54
TTLL5,NRIP1,TTLL5,0.37
TTLL5,TTLL5,CDKN1A,0.37
TTLL5,TTLL5,FXR1,0.37
TTLL5,CACNG5,TTLL5,0.35
TTLL9,TTLL9,CCT2,0.35
TTLL9,TTLL9,CCT3,0.35
TTLL9,TTLL9,CCT6B,0.35
TTLL9,TTLL9,LACRT,0.35
TTLL9,TTLL9,TCP1,0.35
TUBA1C,TPT1,TUBA1C,0.57
TUBA1C,LAMP2,TUBA1C,0.56
TUBA1C,PRPF40A,TUBA1C,0.56
TUBA3C,TUBA3C,NMI,0.51
TUBA3C,CLIP1,TUBA3C,0.44
TUBA3C,TUBA3C,DCTN1,0.44
TUBA3C,CHUK,TUBA3C,0.4
TUBGCP6,LGALS3BP,TUBGCP6,0.53
TUBGCP6,MZT1,TUBGCP6,0.53
TUSC3,TUSC3,PPP1CA,0.37
TUSC3,CHRND,TUSC3,0.35
TUSC3,GABRA3,TUSC3,0.35
TUSC3,GABRD,TUSC3,0.35
TUSC3,HTR3A,TUSC3,0.35
TUSC3,HTR3C,TUSC3,0.35
TWIST1,TP53,TWIST1,0.82
TWIST1,TWIST1,TP53,0.82
TWNK,TWNK,LGALS3BP,0.4
TXNIP,TXN,TXNIP,0.74
TXNIP,TXNIP,TXN,0.74
TXNIP,ECD,TXNIP,0.59
TYRO3,KRTAP5-9,TYRO3,0.74
TYRO3,TYRO3,KRTAP5-9,0.74
TYRO3,GRB2,TYRO3,0.67
TYRO3,TYRO3,GRB2,0.67
TYRO3,ccsb orf id: 14249,TYRO3,0.56
TYRP1,SEC22A,TYRP1,0.56
TYSND1,TYSND1,TYSND1,0.58
TYSND1,CAT,TYSND1,0.55
TYW1B,TAS2R19,TYW1B,0.56
TYW1B,ARL15,TYW1B,0.35
TYW1B,CDKAL1,TYW1B,0.35
TYW1B,EDNRB,TYW1B,0.35
TYW1B,ENTPD4,TYW1B,0.35
TYW1B,POMK,TYW1B,0.35
TYW1B,PTGER3,TYW1B,0.35
U2AF1,U2AF1,U2AF2,0.94
U2AF1,U2AF2,U2AF1,0.94
U2AF2,U2AF1,U2AF2,0.94
U2AF2,U2AF2,U2AF1,0.94
U2SURP,RBM10,U2SURP,0.51
U2SURP,U2SURP,RBM5,0.51
U2SURP,DCLRE1A,U2SURP,0.4
U2SURP,U2SURP,CHERP,0.4
U2SURP,CTNNBL1,U2SURP,0.37
U2SURP,PRPF40A,U2SURP,0.37
U2SURP,RBM17,U2SURP,0.37
UACA,PPP1CB,UACA,0.57
UACA,AHCYL1,UACA,0.56
UACA,CCDC125,UACA,0.56
UACA,KRT31,UACA,0.56
UACA,KRT40,UACA,0.56
UACA,PRKAR1B,UACA,0.56
UACA,RTP2,UACA,0.56
UAP1,UAP1,UAP1,0.56
UAP1,UAP1,UAP1,0.49
UAP1,CDK16,UAP1,0.37
UBA2,SAE1,UBA2,0.95
UBA2,UBA2,SAE1,0.95
UBA6,UBA6,ubiq_human,0.64
UBAC1,DAZAP2,UBAC1,0.78
UBAC1,TRIM2,UBAC1,0.78
UBAC1,UBAC1,DAZAP2,0.78
UBAC1,UBAC1,TRIM2,0.78
UBAC2,FAF2,UBAC2,0.62
UBAC2,UBAC2,FAF2,0.62
UBAC2,CALCOCO2,UBAC2,0.56
UBAC2,PRKN,UBAC2,0.56
UBB,DAZAP2,UBB,0.74
UBE2A,SDCBP,UBE2A,0.72
UBE2A,UBE2A,SDCBP,0.72
UBE2A,RAD18,UBE2A,0.66
UBE2D1,UBE2D1,XIAP,0.84
UBE2D1,XIAP,UBE2D1,0.84
UBE2D1,RNF115,UBE2D1,0.83
UBE2D1,UBE2D1,RNF115,0.83
UBE2J2,AQP6,UBE2J2,0.56
UBE2J2,ELOVL7,UBE2J2,0.56
UBE2J2,GNB2,UBE2J2,0.56
UBE2J2,RBP1,UBE2J2,0.56
UBE2J2,TRIM59,UBE2J2,0.56
UBE2J2,UBE2J2,AQP6,0.56
UBR3,DUSP28,UBR3,0.4
UBR3,HOXB7,UBR3,0.4
UBR3,SCYL1,UBR3,0.4
UBR3,TP53AIP1,UBR3,0.4
UBR3,WNT1,UBR3,0.4
UBR3,DZIP3,UBR3,0.37
UBR3,UBE2B,UBR3,0.37
UBR5,PAIP2,UBR5,0.68
UBR5,UBR5,PAIP2,0.68
UBR5,GSK3B,UBR5,0.61
UBXN7,UBXN7,VCP,0.77
UCHL5,ADRM1,UCHL5,0.96
UCHL5,UCHL5,ADRM1,0.96
UGT2A2,UGT2A3,UGT2A2,0.35
UGT2A3,NEK4,UGT2A3,0.35
UGT2A3,UGT2A3,HBA1,0.35
UGT2A3,UGT2A3,UGT2A2,0.35
UGT2A3,UGT2A3,UGT2B15,0.35
UGT2B10,MAPK14,UGT2B10,0.37
ULK2,GABARAP,ULK2,0.4
ULK2,GABARAPL1,ULK2,0.4
ULK2,GABARAPL2,ULK2,0.4
ULK2,IRF1,ULK2,0.4
ULK2,ULK2,MAP1LC3B,0.4
ULK2,DIXDC1,ULK2,0.37
ULK2,ULK2,EEF1B2,0.37
UNC13C,UNC13C,H1-1,0.4
UNC13C,UNC13C,PRKCSH,0.4
UNC13C,UNC13C,RPLP2,0.4
UNC80,CALM1,UNC80,0.57
UPF1,UPF1,UPF2,0.95
USH2A,USH1C,USH2A,0.54
USH2A,PDZD7,USH2A,0.4
USH2A,ESR2,USH2A,0.35
USH2A,FOXRED2,USH2A,0.35
USH2A,MAPT,USH2A,0.35
USP10,G3BP1,USP10,0.93
USP13,ATXN3,USP13,0.56
USP13,DAZAP2,USP13,0.56
USP16,USP16,JPH3,0.56
USP16,NEURL4,USP16,0.53
USP16,USP16,NEURL4,0.53
USP16,FOS,USP16,0.4
USP16,USP16,H1-5,0.4
USP16,USP16,a6nck6_human,0.4
USP16,USP16,DBT,0.4
USP25,RAD23A,USP25,0.85
USP25,USP25,RAD23A,0.85
USP28,TP53BP1,USP28,0.54
USP28,USP28,TP53BP1,0.54
USP28,USP25,USP28,0.4
USP28,USP28,AQR,0.4
USP28,USP28,SUMO2,0.4
USP28,CFTR,USP28,0.37
USP29,CTSB,USP29,0.4
USP29,TP53,USP29,0.4
USP44,USP44,CETN2,0.59
USP44,FOXP3,USP44,0.46
USP44,USP44,FOXP3,0.46
USP44,USP44,KRR1,0.4
USP51,ATXN7L3,USP51,0.35
USP6,MYL2,USP6,0.61
USP6,USP6,MYL2,0.61
USP6,ANKRD44,USP6,0.57
USP7,MDM2,USP7,0.97
USP8,USP8,YWHAZ,0.82
USP8,YWHAZ,USP8,0.82
USP8,USP8,YWHAG,0.78
USP8,USP8,YWHAQ,0.78
USP8,YWHAB,USP8,0.78
USP9X,MCL1,USP9X,0.68
USP9X,USP9X,MCL1,0.68
VAMP4,STX4,VAMP4,0.78
VAMP4,VAMP4,STX4,0.78
VAMP4,VAMP4,STX4,0.67
VANGL1,PTPN3,VANGL1,0.65
VANGL1,VANGL1,CREB3,0.56
VARS2,ABI2,VARS2,0.56
VARS2,CMTM5,VARS2,0.56
VARS2,MAL2,VARS2,0.56
VAV1,SH3BP2,VAV1,0.79
VAV1,VAV1,SH3BP2,0.79
VAV1,LCP2,VAV1,0.76
VAV2,VAV2,SH3BP2,0.67
VAV2,TXNIP,VAV2,0.56
VAV2,TTN,VAV2,0.55
VAV2,CAV1,VAV2,0.54
VCAN,MMP9,VCAN,0.6
VCAN,VCAN,MMP9,0.6
VCPIP1,FAF2,VCPIP1,0.56
VCPIP1,VCPIP1,FAF2,0.56
VCPIP1,PLAAT5,VCPIP1,0.4
VCPIP1,VCPIP1,ABCC12,0.4
VCPIP1,VCPIP1,HUWE1,0.4
VCPIP1,VCPIP1,NPLOC4,0.4
VCPIP1,VCPIP1,NSFL1C,0.4
VCPIP1,VCPIP1,q9nxw1_human,0.4
VCPIP1,VCPIP1,SVIP,0.4
VCPIP1,VCPIP1,UBXN2A,0.4
VEGFA,KDR,VEGFA,0.85
VEGFA,VEGFA,KDR,0.85
VEGFA,KDR,VEGFA,0.81
VEZF1,ccsb orf id: 100080464,VEZF1,0.56
VEZF1,ccsb orf id: 54692,VEZF1,0.56
VEZF1,KRTAP10-8,VEZF1,0.56
VEZF1,AGR2,VEZF1,0.56
VEZF1,ARHGEF9,VEZF1,0.56
VEZF1,CAPN3,VEZF1,0.56
VEZF1,CEACAM6,VEZF1,0.56
VEZF1,EIF3F,VEZF1,0.56
VEZF1,FAM153B,VEZF1,0.56
VEZF1,FAM168B,VEZF1,0.56
VHL,HIF1A,VHL,0.96
VIPAS39,VIPAS39,VPS33B,0.98
VIRMA,HBM,VIRMA,0.56
VIRMA,VIRMA,HBM,0.56
VIRMA,PRPF6,VIRMA,0.5
VIRMA,VIRMA,PRPF6,0.5
VIRMA,YWHAG,VIRMA,0.48
VIRMA,YWHAH,VIRMA,0.48
VIRMA,YWHAQ,VIRMA,0.48
VMA21,ccsb orf id: 11065,VMA21,0.56
VMA21,ABHD16A,VMA21,0.56
VMA21,ADAM33,VMA21,0.56
VMA21,AQP6,VMA21,0.56
VMA21,ARL6IP1,VMA21,0.56
VN1R2,VN1R2,SRP14,0.4
VPS13B,CSNK1E,VPS13B,0.53
VPS13B,DNAJC7,VPS13B,0.53
VPS13B,VPS13B,H1-1,0.4
VPS13B,VPS13B,H3-4,0.4
VPS53,VPS50,VPS53,0.8
VSTM2L,ATXN1,VSTM2L,0.67
VSTM2L,CCM2,VSTM2L,0.57
VTCN1,VTCN1,H1-1,0.4
VTCN1,VTCN1,NCALD,0.4
VWA7,CUL2,VWA7,0.35
VWF,VWF,VWF,0.87
VXN,CABP2,VXN,0.56
VXN,CEP70,VXN,0.56
VXN,FHL2,VXN,0.56
VXN,NTAQ1,VXN,0.56
VXN,VXN,CABP2,0.56
VXN,VXN,CEP70,0.56
WAPL,STAG2,WAPL,0.89
WAPL,WAPL,STAG2,0.89
WASF3,ABI2,WASF3,0.56
WASF3,BYSL,WASF3,0.56
WASF3,CKS1B,WASF3,0.56
WASF3,KANK2,WASF3,0.56
WBP11,PPP1CA,WBP11,0.8
WBP11,WBP11,PPP1CA,0.8
WBP11,C5orf22,WBP11,0.74
WBP11,PQBP1,WBP11,0.74
WBP4,SNRNP200,WBP4,0.7
WDCP,CTBP1,WDCP,0.64
WDCP,RUVBL1,WDCP,0.56
WDCP,RUVBL2,WDCP,0.56
WDFY3,MAP1LC3B,WDFY3,0.71
WDFY3,WDFY3,MAP1LC3B,0.71
WDFY3,WDFY3,SQSTM1,0.71
WDR12,PES1,WDR12,0.67
WDR12,WDR12,PES1,0.67
WDR12,TARDBP,WDR12,0.56
WDR12,VHL,WDR12,0.56
WDR24,MIOS,WDR24,0.94
WDR24,WDR24,MIOS,0.94
WDR45,ATG2A,WDR45,0.62
WDR45,WDR45,ATG2A,0.62
WDR45,WDR45,MDM2,0.4
WDR62,MAPK9,WDR62,0.74
WDR62,WDR62,MAPK9,0.74
WDR62,CEP170,WDR62,0.71
WDR62,WDR62,CEP170,0.71
WDR64,MST1R,WDR64,0.27
WDR74,RCHY1,WDR74,0.56
WDR74,WDR74,RCHY1,0.56
WDR74,RGS2,WDR74,0.55
WDR74,WDR74,RGS2,0.55
WDR74,WDR74,DLG4,0.37
WDR74,WDR74,NUDT3,0.37
WDR75,UTP4,WDR75,0.53
WDR75,CHM,WDR75,0.4
WDR75,PLEK,WDR75,0.4
WDR75,ASB7,WDR75,0.35
WDR75,ATP6AP2,WDR75,0.35
WDR75,C1D,WDR75,0.35
WDR75,CACNB1,WDR75,0.35
WDR75,CDH5,WDR75,0.35
WDR86,WDR86,CCT2,0.35
WDR86,WDR86,CCT3,0.35
WDR86,WDR86,CCT4,0.35
WDR86,WDR86,CCT5,0.35
WDR86,WDR86,CCT6A,0.35
WDR86,WDR86,CCT6B,0.35
WDR86,WDR86,CCT7,0.35
WDR86,WDR86,IPCEF1,0.35
WDR86,WDR86,PDCL,0.35
WDR90,RBPMS,WDR90,0.56
WDR90,WDR90,RBPMS,0.56
WDR90,MAP1LC3B,WDR90,0.44
WDR90,WDR90,NUDC,0.4
WDR90,CCDC14,WDR90,0.35
WDR90,CEP135,WDR90,0.35
WDTC1,DDB1,WDTC1,0.67
WDTC1,WDTC1,DDB1,0.67
WDTC1,WDTC1,VHL,0.56
WDTC1,CUL4A,WDTC1,0.53
WIF1,KRTAP10-8,WIF1,0.72
WIF1,WIF1,KRTAP10-8,0.72
WIPF2,GRB2,WIPF2,0.8
WIPF2,WIPF2,GRB2,0.8
WIPF2,WASL,WIPF2,0.74
WIPF2,WIPF2,WASL,0.74
WNK1,OXSR1,WNK1,0.78
WNK1,WNK1,OXSR1,0.78
WNK1,FHL3,WNK1,0.72
WNK2,OXSR1,WNK2,0.44
WNK2,PKM,WNK2,0.44
WNK2,WNK2,ABL1,0.4
WNK2,WNK2,FYN,0.4
WNK2,WNK2,SLC43A3,0.4
WNK2,WNK2,SMC1A,0.4
WNK2,ATXN1,WNK2,0.37
WNK2,WNK2,ESS2,0.37
WNT2,WNT2,HSPA5,0.4
WNT2,WNT2,SFRP1,0.4
WNT2,WNT2,AQP5,0.37
WNT2,WNT2,HCK,0.37
WNT2,WNT2,RRAGC,0.37
WNT2,WNT2,UQCR11,0.37
WNT2,DCAF4,WNT2,0.35
WNT5B,WNT5B,WLS,0.4
WNT5B,APPBP2,WNT5B,0.37
WNT5B,KLRG2,WNT5B,0.35
WNT5B,VPS35,WNT5B,0.35
WNT5B,WNT5A,WNT5B,0.35
WRAP73,CEP135,WRAP73,0.82
WRAP73,WRAP73,CEP135,0.82
WRN,WRN,XRCC6,0.86
WRN,XRCC6,WRN,0.86
WRN,WRN,XRCC5,0.85
WTIP,AGO3,WTIP,0.52
WTIP,SCRIB,WTIP,0.44
WTIP,AGO1,WTIP,0.4
WTIP,AGO2,WTIP,0.4
WTIP,AGO4,WTIP,0.4
WWP1,SMAD3,WWP1,0.81
WWP1,WWP1,SMAD3,0.81
WWTR1,TEAD4,WWTR1,0.85
WWTR1,TEAD3,WWTR1,0.67
XBP1,XBP1,XBP1,0.73
XBP1,ATF6,XBP1,0.62
XBP1,CREBZF,XBP1,0.62
XBP1,XBP1,ATF6,0.62
XBP1,XBP1,CREBZF,0.62
XCL2,KRTAP1-3,XCL2,0.56
XCL2,CCL5,XCL2,0.56
XCL2,CXCL12,XCL2,0.56
XCL2,XCL2,KRTAP1-3,0.56
XCL2,XCL2,KRTAP10-9,0.56
XCL2,XCL2,CCL5,0.56
XDH,XDH,GRIP1,0.56
XDH,CCDC110,XDH,0.4
XIAP,CASP9,XIAP,0.97
XIRP2,VASP,XIRP2,0.44
XIRP2,XIRP2,LRRK2,0.44
XIRP2,XIRP2,H1-4,0.4
XIRP2,XIRP2,H1-5,0.4
XIRP2,XIRP2,H2BC9,0.4
XIRP2,XIRP2,PNPT1,0.4
XPNPEP2,XPNPEP2,H1-5,0.4
XPO1,XPO1,SNUPN,0.82
XPO1,CFTR,XPO1,0.71
XPO4,UBQLN1,XPO4,0.56
XPO4,XPO4,UBQLN1,0.56
XPO4,TNFSF13B,XPO4,0.53
XRCC1,APTX,XRCC1,0.88
XRCC1,XRCC1,APTX,0.88
XRCC2,RAD51D,XRCC2,0.98
XRCC5,XRCC5,XRCC6,0.96
YAP1,TEAD1,YAP1,0.94
YAP1,YAP1,TEAD1,0.94
YBX3,YBX1,YBX3,0.62
YBX3,PPP1CA,YBX3,0.54
YBX3,YBX3,PPP1CA,0.54
YBX3,RRP1B,YBX3,0.46
YEATS4,MRGBP,YEATS4,0.79
YEATS4,YEATS4,MRGBP,0.79
YEATS4,YEATS4,ZNHIT1,0.73
YEATS4,ZNHIT1,YEATS4,0.73
YEATS4,ANKK1,YEATS4,0.67
YES1,PTK2,YES1,0.72
YES1,SOCS3,YES1,0.72
YES1,SSBP3,YES1,0.72
YES1,THAP1,YES1,0.72
YPEL5,GSC2,YPEL5,0.56
YPEL5,MAPKBP1,YPEL5,0.56
YPEL5,PSMA1,YPEL5,0.56
YPEL5,SHC3,YPEL5,0.56
YPEL5,TRAF5,YPEL5,0.56
YPEL5,YPEL5,CTDSP1,0.56
YTHDF2,MAP3K14,YTHDF2,0.53
YTHDF2,VCAM1,YTHDF2,0.53
YTHDF2,CFTR,YTHDF2,0.48
YWHAE,YWHAE,YWHAG,0.92
YWHAE,YWHAG,YWHAE,0.92
YY1AP1,YY1AP1,SS18L2,0.67
YY1AP1,YY1,YY1AP1,0.63
YY1AP1,YY1AP1,YY1,0.63
YY1AP1,YY1,YY1AP1,0.58
ZBTB16,ZBTB16,ZBTB16,0.84
ZBTB16,LAMTOR5,ZBTB16,0.83
ZBTB20,HSP90AB1,ZBTB20,0.4
ZBTB20,ZBTB20,CDC37,0.4
ZBTB20,NR3C1,ZBTB20,0.37
ZBTB20,PPARG,ZBTB20,0.37
ZBTB20,ANLN,ZBTB20,0.35
ZBTB5,DCX,ZBTB5,0.56
ZBTB5,METTL5,ZBTB5,0.56
ZBTB5,SWAP70,ZBTB5,0.56
ZBTB5,ZBTB5,BAG4,0.56
ZBTB7A,KHDRBS1,ZBTB7A,0.65
ZBTB7A,ZBTB7A,KHDRBS1,0.65
ZBTB7B,IMP4,ZBTB7B,0.67
ZBTB7B,ZBTB7B,IMP4,0.67
ZBTB7B,ccsb orf id: 5498,ZBTB7B,0.56
ZBTB7B,BCL6,ZBTB7B,0.56
ZBTB7B,BCL6B,ZBTB7B,0.56
ZC3H11A,MLH1,ZC3H11A,0.83
ZC3H11A,ZC3H11A,MLH1,0.83
ZC3H11A,NCBP3,ZC3H11A,0.53
ZC3H12A,P4HA3,ZC3H12A,0.72
ZC3H12A,ZC3H12A,P4HA3,0.72
ZC3H12A,AHSP,ZC3H12A,0.67
ZC3H13,ZC3H13,CSNK2A1,0.44
ZC3H13,SCHIP1,ZC3H13,0.4
ZC3H13,ZC3H13,HES4,0.4
ZC3H13,ZC3H13,PDCD11,0.4
ZC3H13,ZC3H13,PTGES3,0.4
ZC3H13,ZC3H13,RAB34,0.4
ZC3H13,ZC3H13,SCHIP1,0.4
ZC3H13,ZC3H13,YWHAZ,0.4
ZC3H13,CBLL2,ZC3H13,0.35
ZC3H18,NCBP2,ZC3H18,0.64
ZC3H18,ZC3H18,NCBP2,0.64
ZC3H18,CSNK2A2,ZC3H18,0.53
ZC3H4,ZC3H4,H2BC21,0.4
ZC3H4,ZC3H4,HMGN3,0.4
ZC3H4,AURKB,ZC3H4,0.35
ZC3H4,CAPN13,ZC3H4,0.35
ZC3H4,CDC42,ZC3H4,0.35
ZC3H4,CSNK2A1,ZC3H4,0.35
ZC3H4,CSNK2A2,ZC3H4,0.35
ZC3H4,GABARAP,ZC3H4,0.35
ZC3H4,HTRA4,ZC3H4,0.35
ZC3HC1,ATXN1,ZC3HC1,0.56
ZC3HC1,UCHL1,ZC3HC1,0.56
ZC3HC1,ZC3HC1,SPRED1,0.56
ZC4H2,ZC4H2,ZNF490,0.78
ZC4H2,ZNF490,ZC4H2,0.78
ZC4H2,ZC4H2,ZNF250,0.72
ZC4H2,ZNF250,ZC4H2,0.72
ZCCHC12,PNMA1,ZCCHC12,0.85
ZCCHC12,ZCCHC12,PNMA1,0.85
ZCCHC2,ZCCHC2,SHANK3,0.37
ZCCHC2,RMND5A,ZCCHC2,0.35
ZCCHC8,RBM7,ZCCHC8,0.82
ZCCHC8,ZCCHC8,RBM7,0.82
ZCRB1,ZCRB1,HSPB1,0.56
ZCRB1,ZCRB1,PEX1,0.56
ZCRB1,ZCRB1,WFS1,0.56
ZCWPW2,HSF2BP,ZCWPW2,0.56
ZCWPW2,PBX2,ZCWPW2,0.56
ZCWPW2,ZCWPW2,HSF2BP,0.56
ZCWPW2,ZCWPW2,PBX2,0.56
ZDBF2,SOX2,ZDBF2,0.53
ZDBF2,SENP6,ZDBF2,0.4
ZDBF2,ZDBF2,H1-5,0.4
ZDBF2,ZDBF2,HSPA5,0.4
ZDBF2,ZDBF2,MYH10,0.4
ZDBF2,CPNE2,ZDBF2,0.35
ZDBF2,CSNK1A1,ZDBF2,0.35
ZDBF2,CTBP1,ZDBF2,0.35
ZDHHC4,CLDND1,ZDHHC4,0.56
ZDHHC4,TUSC5,ZDHHC4,0.56
ZDHHC4,ZDHHC4,CLDND1,0.56
ZDHHC4,ZDHHC4,DRD2,0.37
ZEB1,CTBP1,ZEB1,0.76
ZEB1,ZEB1,CTBP1,0.76
ZFHX3,ccsb orf id: 100080464,ZFHX3,0.56
ZFHX3,BHLHE40,ZFHX3,0.56
ZFHX3,CNOT2,ZFHX3,0.56
ZFHX3,DEUP1,ZFHX3,0.56
ZFHX4,FOXL1,ZFHX4,0.48
ZFHX4,SOX2,ZFHX4,0.48
ZFHX4,ZFHX4,ATP1A1,0.4
ZFHX4,ZFHX4,H2BC9,0.4
ZFHX4,ZFHX4,RAP1B,0.4
ZFHX4,ALOXE3,ZFHX4,0.35
ZFHX4,FOXB1,ZFHX4,0.35
ZFHX4,FOXJ2,ZFHX4,0.35
ZFP36L1,YWHAG,ZFP36L1,0.53
ZFP36L1,ZFP36L1,YWHAG,0.53
ZFP36L1,MAPK14,ZFP36L1,0.51
ZFP36L1,ZFP36L1,MAPK14,0.51
ZFP36L1,YWHAH,ZFP36L1,0.42
ZFP36L1,PAFAH1B2,ZFP36L1,0.37
ZFP36L2,YWHAH,ZFP36L2,0.67
ZFP36L2,YWHAG,ZFP36L2,0.57
ZFPM2,LMNA,ZFPM2,0.56
ZFPM2,PRPF3,ZFPM2,0.56
ZFPM2,ZFPM2,DMWD,0.56
ZFPM2,ZFPM2,GFAP,0.56
ZG16,SGTA,ZG16,0.78
ZHX2,ZHX1,ZHX2,0.59
ZHX2,ZHX2,TFF2,0.56
ZHX2,ZHX2,ZHX2,0.51
ZHX2,PARP2,ZHX2,0.44
ZIC1,KRTAP12-1,ZIC1,0.56
ZIC1,ccsb orf id: 100064146,ZIC1,0.56
ZIC1,ccsb orf id: 10779,ZIC1,0.56
ZIC1,ccsb orf id: 11745,ZIC1,0.56
ZIC1,ccsb orf id: 14249,ZIC1,0.56
ZIC1,ccsb orf id: 71813,ZIC1,0.56
ZIC1,KRTAP10-8,ZIC1,0.56
ZIC1,ccsb orf id: 9453,ZIC1,0.56
ZIC1,ARID5A,ZIC1,0.56
ZIC1,CRX,ZIC1,0.56
ZIC3,CTNNB1,ZIC3,0.4
ZIC3,TP53,ZIC3,0.4
ZIC3,TWIST1,ZIC3,0.4
ZIC4,ZNF598,ZIC4,0.37
ZIC4,CCDC93,ZIC4,0.35
ZIC4,TP53BP1,ZIC4,0.27
ZIM2,EPM2AIP1,ZIM2,0.6
ZIM2,KRTAP3-2,ZIM2,0.56
ZIM2,KRTAP12-2,ZIM2,0.56
ZIM2,KRTAP2-4,ZIM2,0.56
ZIM2,KRTAP10-6,ZIM2,0.56
ZKSCAN3,GOLGA6L9,ZKSCAN3,0.56
ZKSCAN3,HSPA2,ZKSCAN3,0.56
ZKSCAN3,HTT,ZKSCAN3,0.56
ZKSCAN3,IHO1,ZKSCAN3,0.56
ZKSCAN3,LZTS2,ZKSCAN3,0.56
ZMIZ1,CACHD1,ZMIZ1,0.37
ZMIZ1,CNTNAP2,ZMIZ1,0.37
ZMYM2,HDAC1,ZMYM2,0.64
ZMYM2,HDAC2,ZMYM2,0.64
ZMYM2,GTF2IRD1,ZMYM2,0.58
ZMYM2,ZMYM2,GTF2IRD1,0.58
ZMYM3,LMO3,ZMYM3,0.56
ZMYM3,ZMYM3,KAT5,0.56
ZMYM3,ZMYM3,SETDB1,0.56
ZMYM3,ZMYM3,YWHAG,0.56
ZMYND10,CDR1,ZMYND10,0.72
ZMYND10,ZMYND10,CDR1,0.72
ZMYND10,TSC22D4,ZMYND10,0.7
ZMYND10,ZMYND10,TSC22D4,0.7
ZNF131,FHL2,ZNF131,0.72
ZNF131,ZNF131,FHL2,0.72
ZNF131,FHL5,ZNF131,0.67
ZNF131,ZNF131,FHL5,0.67
ZNF133,KRTAP10-7,ZNF133,0.56
ZNF133,ZNF133,KRTAP10-7,0.56
ZNF133,APP,ZNF133,0.55
ZNF133,FOS,ZNF133,0.52
ZNF133,ZNF133,FOS,0.52
ZNF133,ZNF133,MDM2,0.4
ZNF143,EAF1,ZNF143,0.56
ZNF143,ENKD1,ZNF143,0.56
ZNF143,EXOSC1,ZNF143,0.56
ZNF143,FAM90A1,ZNF143,0.56
ZNF143,FHL2,ZNF143,0.56
ZNF165,YJU2B,ZNF165,0.77
ZNF165,ZNF165,YJU2B,0.77
ZNF165,SCAND1,ZNF165,0.67
ZNF180,NDEL1,ZNF180,0.67
ZNF180,ZNF180,NDEL1,0.67
ZNF180,KRTAP10-7,ZNF180,0.56
ZNF180,CARD10,ZNF180,0.56
ZNF180,CIB3,ZNF180,0.56
ZNF181,APP,ZNF181,0.55
ZNF181,ZNF181,DDX46,0.4
ZNF181,ZNF181,NPM1,0.4
ZNF181,ZNF181,PDIA3,0.4
ZNF181,CBS,ZNF181,0.37
ZNF181,EPHA1,ZNF181,0.37
ZNF181,OPTN,ZNF181,0.37
ZNF207,BUB3,ZNF207,0.59
ZNF207,ZNF207,BUB3,0.59
ZNF207,CFTR,ZNF207,0.48
ZNF215,q53fc7_human,ZNF215,0.4
ZNF215,ZNF215,HSP90AB1,0.4
ZNF215,ZNF215,q96be0_human,0.4
ZNF215,ZNF483,ZNF215,0.35
ZNF215,ZSCAN20,ZNF215,0.35
ZNF217,CTBP1,ZNF217,0.74
ZNF217,HDAC1,ZNF217,0.64
ZNF226,ZNF226,MRPL58,0.4
ZNF226,ATF4,ZNF226,0.37
ZNF226,ZNF226,SSBP3,0.37
ZNF226,H2BC10,ZNF226,0.27
ZNF227,CEP70,ZNF227,0.78
ZNF227,ZNF227,CEP70,0.78
ZNF227,APP,ZNF227,0.55
ZNF227,ZNF227,VDAC3,0.4
ZNF24,ZNF24,ZSCAN32,0.84
ZNF24,ZSCAN32,ZNF24,0.84
ZNF24,PGBD1,ZNF24,0.83
ZNF253,LDOC1,ZNF253,0.53
ZNF253,AKR1B1,ZNF253,0.4
ZNF292,CBX1,ZNF292,0.53
ZNF292,DCLK3,ZNF292,0.37
ZNF292,HUNK,ZNF292,0.37
ZNF292,RCAN1,ZNF292,0.37
ZNF292,TIAM1,ZNF292,0.37
ZNF292,ALB,ZNF292,0.35
ZNF296,CRYAA,ZNF296,0.56
ZNF296,FKBP1A,ZNF296,0.56
ZNF296,GRN,ZNF296,0.56
ZNF296,HSPA2,ZNF296,0.56
ZNF319,KRTAP13-3,ZNF319,0.56
ZNF319,ccsb orf id: 55516,ZNF319,0.56
ZNF319,KRTAP10-6,ZNF319,0.56
ZNF319,KRTAP10-8,ZNF319,0.56
ZNF319,KRTAP10-9,ZNF319,0.56
ZNF319,BEGAIN,ZNF319,0.56
ZNF319,CYSRT1,ZNF319,0.56
ZNF319,DVL3,ZNF319,0.56
ZNF319,GRAP2,ZNF319,0.56
ZNF319,KRT34,ZNF319,0.56
ZNF324,CACNG5,ZNF324,0.35
ZNF324,CBX5,ZNF324,0.35
ZNF324,EFEMP1,ZNF324,0.35
ZNF324,FBL,ZNF324,0.35
ZNF324,L3MBTL1,ZNF324,0.35
ZNF324,LZTS2,ZNF324,0.35
ZNF324,NXF2B,ZNF324,0.35
ZNF331,APP,ZNF331,0.55
ZNF331,IPO8,ZNF331,0.53
ZNF331,ZNF331,IPO8,0.53
ZNF331,C8orf33,ZNF331,0.37
ZNF331,FHL2,ZNF331,0.37
ZNF331,MAPK6,ZNF331,0.37
ZNF331,PTK2,ZNF331,0.37
ZNF33A,FMR1,ZNF33A,0.37
ZNF33A,CBX6,ZNF33A,0.35
ZNF33A,CDK11A,ZNF33A,0.35
ZNF33A,TRIM28,ZNF33A,0.35
ZNF33A,VPS50,ZNF33A,0.35
ZNF362,ZNF362,ANKRA2,0.44
ZNF362,ARHGEF19,ZNF362,0.35
ZNF362,SUMO1,ZNF362,0.35
ZNF362,AR,ZNF362,0.27
ZNF362,CDC14B,ZNF362,0.27
ZNF362,H2BC10,ZNF362,0.27
ZNF362,TLK2,ZNF362,0.27
ZNF384,CEBPE,ZNF384,0.37
ZNF451,UBE2I,ZNF451,0.75
ZNF451,ZNF451,UBE2I,0.75
ZNF462,ZNF462,EHMT2,0.67
ZNF462,CBX5,ZNF462,0.53
ZNF462,ZNF462,CBX5,0.53
ZNF462,SOX2,ZNF462,0.48
ZNF462,ZNF462,TCOF1,0.4
ZNF469,ZNF469,H2BC13,0.4
ZNF469,ZNF469,H2BC9,0.4
ZNF469,RIPK4,ZNF469,0.35
ZNF479,KRTAP10-6,ZNF479,0.56
ZNF479,KRTAP5-7,ZNF479,0.56
ZNF479,GOLGA6L9,ZNF479,0.56
ZNF479,STX1A,ZNF479,0.56
ZNF479,ZNF479,KRTAP10-6,0.56
ZNF479,ZNF479,KRTAP5-7,0.56
ZNF479,ZNF479,GOLGA6L9,0.56
ZNF483,ZNF446,ZNF483,0.67
ZNF483,ZNF483,ZNF446,0.67
ZNF483,ZKSCAN4,ZNF483,0.6
ZNF483,CAMTA2,ZNF483,0.56
ZNF483,CRX,ZNF483,0.56
ZNF497,CTSD,ZNF497,0.61
ZNF497,ZNF497,CTSD,0.61
ZNF497,KRTAP1-1,ZNF497,0.56
ZNF497,ccsb orf id: 100064146,ZNF497,0.56
ZNF497,KRTAP12-2,ZNF497,0.56
ZNF497,KRTAP12-3,ZNF497,0.56
ZNF497,KRTAP1-3,ZNF497,0.56
ZNF497,KRTAP4-4,ZNF497,0.56
ZNF503,DCAF7,ZNF503,0.64
ZNF503,KRTAP19-1,ZNF503,0.56
ZNF503,KRTAP6-2,ZNF503,0.56
ZNF503,ARID5A,ZNF503,0.56
ZNF503,ATN1,ZNF503,0.56
ZNF521,EIF1AD,ZNF521,0.56
ZNF521,RARS1,ZNF521,0.56
ZNF521,HDAC1,ZNF521,0.53
ZNF521,ZNF521,HYOU1,0.4
ZNF521,BRAP,ZNF521,0.37
ZNF536,SOX2,ZNF536,0.48
ZNF536,ZNF536,H1-1,0.4
ZNF536,ZNF536,H1-5,0.4
ZNF536,FOXC2,ZNF536,0.35
ZNF536,FOXJ2,ZNF536,0.35
ZNF536,TEAD2,ZNF536,0.35
ZNF536,EN1,ZNF536,0.27
ZNF536,FOXI1,ZNF536,0.27
ZNF536,FOXL1,ZNF536,0.27
ZNF558,CLK2,ZNF558,0.56
ZNF558,CSNK2A1,ZNF558,0.56
ZNF558,EFEMP2,ZNF558,0.56
ZNF558,EIF1AD,ZNF558,0.56
ZNF572,KRTAP10-8,ZNF572,0.72
ZNF572,LZTS2,ZNF572,0.72
ZNF572,TRIM54,ZNF572,0.72
ZNF578,KRTAP12-3,ZNF578,0.56
ZNF578,386682,ZNF578,0.56
ZNF578,KRTAP10-5,ZNF578,0.56
ZNF578,KRTAP10-7,ZNF578,0.56
ZNF595,KRTAP10-6,ZNF595,0.56
ZNF595,ZNF595,KRTAP10-6,0.56
ZNF595,JUNB,ZNF595,0.4
ZNF595,TRIM28,ZNF595,0.35
ZNF605,APP,ZNF605,0.55
ZNF608,ZNF608,ATN1,0.44
ZNF608,AUTS2,ZNF608,0.35
ZNF608,HDAC1,ZNF608,0.35
ZNF608,RAF1,ZNF608,0.35
ZNF608,SLC16A11,ZNF608,0.35
ZNF608,WDR5,ZNF608,0.35
ZNF608,AR,ZNF608,0.27
ZNF608,EN1,ZNF608,0.27
ZNF608,ERG,ZNF608,0.27
ZNF620,ccsb orf id: 1102,ZNF620,0.56
ZNF620,ABLIM3,ZNF620,0.56
ZNF620,ATG9A,ZNF620,0.56
ZNF620,BFSP2,ZNF620,0.56
ZNF624,MTUS2,ZNF624,0.72
ZNF624,ZNF624,MTUS2,0.72
ZNF624,KRTAP12-2,ZNF624,0.56
ZNF624,BICD2,ZNF624,0.56
ZNF624,GOLGA6L9,ZNF624,0.56
ZNF624,MTUS2,ZNF624,0.56
ZNF638,GDAP1,ZNF638,0.56
ZNF638,YWHAG,ZNF638,0.56
ZNF638,ZNF638,DNM2,0.56
ZNF638,GTF2F2,ZNF638,0.4
ZNF638,RAD51AP2,ZNF638,0.4
ZNF658,TRIM28,ZNF658,0.35
ZNF658,GOLGA2,ZNF658,0.27
ZNF668,ccsb orf id: 52584,ZNF668,0.56
ZNF668,BYSL,ZNF668,0.56
ZNF668,PRPF31,ZNF668,0.56
ZNF668,ZNF165,ZNF668,0.56
ZNF677,ZNF677,PARVG,0.37
ZNF677,ZNF677,WFDC1,0.37
ZNF687,TSPYL2,ZNF687,0.67
ZNF687,ZNF687,TSPYL2,0.67
ZNF687,CSNK2A2,ZNF687,0.64
ZNF687,HDAC1,ZNF687,0.53
ZNF687,TSPYL1,ZNF687,0.53
ZNF697,386682,ZNF697,0.56
ZNF697,KRTAP10-5,ZNF697,0.56
ZNF697,KRTAP10-7,ZNF697,0.56
ZNF697,KRTAP10-8,ZNF697,0.56
ZNF697,KRTAP10-9,ZNF697,0.56
ZNF697,CCNDBP1,ZNF697,0.56
ZNF697,DVL3,ZNF697,0.56
ZNF703,DCAF7,ZNF703,0.78
ZNF703,ZNF703,DCAF7,0.78
ZNF703,ZNF703,HSPD1,0.46
ZNF711,PHF8,ZNF711,0.69
ZNF717,CBX8,ZNF717,0.35
ZNF750,CTBP2,ZNF750,0.56
ZNF765,ccsb orf id: 11745,ZNF765,0.56
ZNF765,ARID5A,ZNF765,0.56
ZNF765,CENPP,ZNF765,0.56
ZNF765,DZIP3,ZNF765,0.56
ZNF765,INCA1,ZNF765,0.56
ZNF765,MCCD1,ZNF765,0.56
ZNF765,OTX2,ZNF765,0.56
ZNF765,REL,ZNF765,0.56
ZNF765,USHBP1,ZNF765,0.56
ZNF770,USP20,ZNF770,0.4
ZNF770,ZNF770,GGH,0.4
ZNF770,CFTR,ZNF770,0.37
ZNF770,C6orf11,ZNF770,0.35
ZNF770,CACNG5,ZNF770,0.35
ZNF770,E4F1,ZNF770,0.35
ZNF770,MACROH2A2,ZNF770,0.35
ZNF770,MPHOSPH8,ZNF770,0.35
ZNF770,MRPS34,ZNF770,0.35
ZNF778,KRTAP10-7,ZNF778,0.56
ZNF778,CYB5R2,ZNF778,0.56
ZNF778,ZNF778,KRTAP10-7,0.56
ZNF778,VCP,ZNF778,0.35
ZNF804A,CRK,ZNF804A,0.44
ZNF804A,ZNF804A,HNRNPC,0.4
ZNF804A,ZNF804A,HSPA8,0.4
ZNF804A,ATXN1,ZNF804A,0.37
ZNF804B,ZNF804B,KRT8,0.4
ZNF823,CDK6,ZNF823,0.44
ZNF823,ZNF823,PAK1,0.37
ZNF830,AQR,ZNF830,0.76
ZNF844,KRT40,ZNF844,0.72
ZNF844,MDFI,ZNF844,0.72
ZNF844,NDEL1,ZNF844,0.72
ZNF844,ZNF844,KRT40,0.72
ZNRF3,RSPO1,ZNRF3,0.7
ZNRF3,ZNRF3,RSPO1,0.7
ZNRF3,TTMP,ZNRF3,0.56
ZPBP2,ZPBP2,FSTL1,0.35
ZPBP2,ZPBP2,IL17RA,0.35
ZPBP2,ZPBP2,NPTX1,0.35
ZPBP2,ZPBP2,OS9,0.35
ZPBP2,ZPBP2,PPP1R1A,0.35
ZPBP2,ZPBP2,PROS1,0.35
ZPBP2,ZPBP2,SEL1L,0.35
ZPBP2,ZPBP2,TUBB8,0.35
ZPBP2,ZPBP2,ZNF146,0.35
ZRANB3,ZRANB3,PCNA,0.6
ZRANB3,H3C13,ZRANB3,0.4
ZRANB3,KPNA4,ZRANB3,0.4
ZRSR2,SRPK2,ZRSR2,0.79
ZRSR2,ZRSR2,SRPK2,0.79
ZRSR2,SDCBP2,ZRSR2,0.78
ZRSR2,ZRSR2,SDCBP2,0.78
ZSCAN31,ZSCAN31,SPRED1,0.56
ZSCAN31,DDIT3,ZSCAN31,0.37
ZSCAN31,ZSCAN31,BBX,0.35
ZSCAN31,ZSCAN31,CDKN2AIP,0.35
ZSCAN31,ZSCAN31,DHX57,0.35
ZSCAN31,ZSCAN31,LENG8,0.35
ZSCAN31,ZSCAN31,MTMR4,0.35
ZSCAN4,CIB3,ZSCAN4,0.56
ZSCAN4,CTBP2,ZSCAN4,0.56
ZSCAN4,EXOC8,ZSCAN4,0.56
ZSCAN4,FAM110A,ZSCAN4,0.56
ZSCAN4,HAT1,ZSCAN4,0.56
ZSWIM3,CCDC57,ZSWIM3,0.56
ZSWIM3,GMCL1,ZSWIM3,0.56
ZSWIM3,TRAF2,ZSWIM3,0.56
ZSWIM3,ZSWIM3,CCDC57,0.56
ZSWIM3,ZSWIM3,GMCL1,0.56
ZSWIM3,ZSWIM3,TRAF2,0.56
ZSWIM3,PPP1CA,ZSWIM3,0.44
ZSWIM6,CDC42,ZSWIM6,0.35
ZSWIM6,GLMN,ZSWIM6,0.35
ZSWIM6,HNRNPH2,ZSWIM6,0.35
ZSWIM6,ZWINT,ZSWIM6,0.35
ZSWIM7,SWSAP1,ZSWIM7,0.87
ZSWIM7,ZSWIM7,SWSAP1,0.87
ZWILCH,ZW10,ZWILCH,0.6
ZWILCH,KNTC1,ZWILCH,0.54
ZWINT,NDC80,ZWINT,0.91
ZWINT,ZWINT,NDC80,0.91
ZZEF1,HSPB3,ZZEF1,0.37
ZZEF1,PHYHIP,ZZEF1,0.37
ZZEF1,PTPN4,ZZEF1,0.37
ZZEF1,ZZEF1,SKIL,0.37
ZZEF1,ACSBG2,ZZEF1,0.35
ZZEF1,ANGPT2,ZZEF1,0.35
ZZEF1,CAVIN1,ZZEF1,0.35
ZZEF1,CCNG1,ZZEF1,0.35
